representation,k,seed,cv,cnpmi,wall_seconds
metadata,2,42,0.27401,-0.20521,1.7
metadata,2,101,0.33436,-0.15279,2.1
metadata,2,202,0.3511,-0.14497,1.8
metadata,2,303,0.31341,-0.14917,1.5
metadata,2,404,0.3394,-0.13345,1.9
metadata,2,505,0.33044,-0.12072,1.5
metadata,2,606,0.33873,-0.12617,1.8
metadata,2,707,0.31985,-0.1187,1.5
metadata,2,808,0.34019,-0.13725,1.2
metadata,2,909,0.30254,-0.17672,1.5
metadata,2,1010,0.33187,-0.13729,1.8
metadata,2,1111,0.3288,-0.12986,1.6
metadata,2,1212,0.3357,-0.15955,1.7
metadata,2,1313,0.27716,-0.1887,1.9
metadata,2,1414,0.36213,-0.13312,1.5
metadata,2,1515,0.34561,-0.14269,1.8
metadata,2,1616,0.32584,-0.15666,1.7
metadata,2,1717,0.34387,-0.16447,1.8
metadata,2,1818,0.34468,-0.14416,1.7
metadata,2,1919,0.23484,-0.15311,1.6
metadata,3,42,0.36122,-0.13447,1.8
metadata,3,101,0.2871,-0.18056,1.8
metadata,3,202,0.34193,-0.14494,1.6
metadata,3,303,0.3762,-0.15242,1.6
metadata,3,404,0.35684,-0.12514,1.7
metadata,3,505,0.32251,-0.15735,1.6
metadata,3,606,0.30724,-0.15458,1.7
metadata,3,707,0.3564,-0.14522,1.7
metadata,3,808,0.369,-0.17673,1.7
metadata,3,909,0.35471,-0.15748,1.7
metadata,3,1010,0.30855,-0.15367,1.7
metadata,3,1111,0.35603,-0.1367,1.5
metadata,3,1212,0.40336,-0.12364,1.6
metadata,3,1313,0.38922,-0.14186,1.6
metadata,3,1414,0.35321,-0.14405,1.9
metadata,3,1515,0.36181,-0.14284,1.8
metadata,3,1616,0.31545,-0.17345,1.9
metadata,3,1717,0.32148,-0.16381,1.9
metadata,3,1818,0.41626,-0.12343,1.5
metadata,3,1919,0.28818,-0.14908,1.7
metadata,4,42,0.38452,-0.14431,1.8
metadata,4,101,0.32009,-0.1788,1.8
metadata,4,202,0.38105,-0.17603,1.6
metadata,4,303,0.41605,-0.14705,1.6
metadata,4,404,0.43688,-0.14836,1.6
metadata,4,505,0.26232,-0.17281,1.7
metadata,4,606,0.33712,-0.18138,1.7
metadata,4,707,0.31725,-0.16898,1.7
metadata,4,808,0.34683,-0.1516,1.6
metadata,4,909,0.38262,-0.15524,1.8
metadata,4,1010,0.38887,-0.17526,1.8
metadata,4,1111,0.31593,-0.17856,1.8
metadata,4,1212,0.44138,-0.12999,1.9
metadata,4,1313,0.36485,-0.18242,1.7
metadata,4,1414,0.30384,-0.16882,2.0
metadata,4,1515,0.37161,-0.16062,1.9
metadata,4,1616,0.34748,-0.15676,1.8
metadata,4,1717,0.40215,-0.16239,1.8
metadata,4,1818,0.36373,-0.15848,1.6
metadata,4,1919,0.2837,-0.17743,1.7
metadata,5,42,0.37721,-0.15052,1.8
metadata,5,101,0.37804,-0.1969,1.8
metadata,5,202,0.39368,-0.1694,1.8
metadata,5,303,0.40123,-0.15096,1.7
metadata,5,404,0.37325,-0.19093,1.8
metadata,5,505,0.30632,-0.17565,1.8
metadata,5,606,0.33606,-0.17294,1.7
metadata,5,707,0.28097,-0.1659,1.8
metadata,5,808,0.37553,-0.16831,1.8
metadata,5,909,0.38503,-0.15817,1.8
metadata,5,1010,0.37885,-0.17653,1.7
metadata,5,1111,0.33937,-0.18376,1.7
metadata,5,1212,0.4292,-0.13185,1.8
metadata,5,1313,0.39635,-0.18314,1.8
metadata,5,1414,0.37435,-0.20541,1.9
metadata,5,1515,0.36565,-0.1674,1.6
metadata,5,1616,0.36523,-0.19302,1.6
metadata,5,1717,0.37338,-0.15339,1.8
metadata,5,1818,0.41392,-0.16404,1.7
metadata,5,1919,0.34535,-0.19663,1.7
metadata,6,42,0.39948,-0.17447,1.8
metadata,6,101,0.36074,-0.19137,1.9
metadata,6,202,0.38006,-0.17888,1.8
metadata,6,303,0.39074,-0.15359,1.7
metadata,6,404,0.37353,-0.19262,1.9
metadata,6,505,0.33596,-0.19034,1.8
metadata,6,606,0.35836,-0.20012,2.0
metadata,6,707,0.3004,-0.18952,1.7
metadata,6,808,0.37139,-0.16855,1.9
metadata,6,909,0.37523,-0.19097,1.8
metadata,6,1010,0.39559,-0.17924,1.8
metadata,6,1111,0.34445,-0.1899,1.9
metadata,6,1212,0.40513,-0.15752,1.9
metadata,6,1313,0.34161,-0.20883,1.8
metadata,6,1414,0.35852,-0.20726,1.6
metadata,6,1515,0.39494,-0.17787,1.7
metadata,6,1616,0.38116,-0.16802,1.7
metadata,6,1717,0.37097,-0.16638,1.8
metadata,6,1818,0.42133,-0.16426,1.9
metadata,6,1919,0.3457,-0.19941,1.8
metadata,7,42,0.38131,-0.19014,1.9
metadata,7,101,0.38386,-0.1981,2.0
metadata,7,202,0.37012,-0.17212,2.0
metadata,7,303,0.40745,-0.1746,1.9
metadata,7,404,0.34279,-0.20963,1.9
metadata,7,505,0.33073,-0.18824,1.9
metadata,7,606,0.41069,-0.18706,1.9
metadata,7,707,0.33162,-0.19564,2.0
metadata,7,808,0.36551,-0.18352,2.0
metadata,7,909,0.38196,-0.18071,2.2
metadata,7,1010,0.36089,-0.19629,1.9
metadata,7,1111,0.38168,-0.18437,1.9
metadata,7,1212,0.39349,-0.16498,1.9
metadata,7,1313,0.36696,-0.18109,1.9
metadata,7,1414,0.36678,-0.19851,1.9
metadata,7,1515,0.3919,-0.18246,1.9
metadata,7,1616,0.40528,-0.17431,1.9
metadata,7,1717,0.36987,-0.19142,2.1
metadata,7,1818,0.40748,-0.2029,1.9
metadata,7,1919,0.34314,-0.20416,1.9
metadata,8,42,0.39302,-0.17484,2.0
metadata,8,101,0.37623,-0.2065,2.1
metadata,8,202,0.38801,-0.19379,2.2
metadata,8,303,0.36335,-0.20712,2.0
metadata,8,404,0.3903,-0.20608,2.2
metadata,8,505,0.35023,-0.20514,0.8
metadata,8,606,0.44123,-0.18743,0.4
metadata,8,707,0.33829,-0.19668,0.4
metadata,8,808,0.36769,-0.19449,0.4
metadata,8,909,0.40056,-0.18439,0.4
metadata,8,1010,0.36992,-0.20415,0.5
metadata,8,1111,0.37846,-0.18867,0.5
metadata,8,1212,0.38915,-0.17524,0.5
metadata,8,1313,0.38335,-0.1855,0.5
metadata,8,1414,0.38196,-0.19138,0.5
metadata,8,1515,0.40639,-0.17199,0.5
metadata,8,1616,0.40777,-0.18327,0.4
metadata,8,1717,0.34715,-0.19606,0.4
metadata,8,1818,0.36578,-0.2085,0.5
metadata,8,1919,0.34038,-0.19572,0.5
metadata,9,42,0.38431,-0.17892,0.5
metadata,9,101,0.34681,-0.21756,0.5
metadata,9,202,0.39981,-0.19351,0.5
metadata,9,303,0.36457,-0.20853,0.5
metadata,9,404,0.35559,-0.21262,0.5
metadata,9,505,0.40176,-0.19669,0.5
metadata,9,606,0.3986,-0.21085,0.5
metadata,9,707,0.32567,-0.21767,0.5
metadata,9,808,0.39982,-0.20536,0.5
metadata,9,909,0.38929,-0.19426,0.5
metadata,9,1010,0.35154,-0.22066,0.5
metadata,9,1111,0.33317,-0.2034,0.5
metadata,9,1212,0.36602,-0.19024,0.5
metadata,9,1313,0.38443,-0.17337,0.5
metadata,9,1414,0.38868,-0.19716,0.5
metadata,9,1515,0.41692,-0.18473,0.5
metadata,9,1616,0.37292,-0.20819,0.5
metadata,9,1717,0.35485,-0.19909,0.5
metadata,9,1818,0.33419,-0.2356,0.5
metadata,9,1919,0.34142,-0.20017,0.6
metadata,10,42,0.38667,-0.19061,0.6
metadata,10,101,0.39202,-0.2053,0.5
metadata,10,202,0.38493,-0.20548,0.6
metadata,10,303,0.33742,-0.18524,0.5
metadata,10,404,0.3647,-0.21861,0.5
metadata,10,505,0.38861,-0.2153,0.6
metadata,10,606,0.38997,-0.22538,0.5
metadata,10,707,0.34298,-0.21259,0.5
metadata,10,808,0.41211,-0.1982,0.6
metadata,10,909,0.38192,-0.20899,0.6
metadata,10,1010,0.3627,-0.22287,0.6
metadata,10,1111,0.37698,-0.20397,0.6
metadata,10,1212,0.38154,-0.20439,0.6
metadata,10,1313,0.36936,-0.19788,0.6
metadata,10,1414,0.39235,-0.20567,0.6
metadata,10,1515,0.42726,-0.18287,0.6
metadata,10,1616,0.38057,-0.20206,0.6
metadata,10,1717,0.39938,-0.20285,0.6
metadata,10,1818,0.3708,-0.22503,0.6
metadata,10,1919,0.33591,-0.2169,0.6
metadata,11,42,0.40163,-0.18959,0.6
metadata,11,101,0.38329,-0.20181,0.6
metadata,11,202,0.37922,-0.21629,0.6
metadata,11,303,0.33987,-0.18237,0.6
metadata,11,404,0.35595,-0.21291,0.6
metadata,11,505,0.39623,-0.19621,0.6
metadata,11,606,0.38611,-0.21435,0.6
metadata,11,707,0.36372,-0.20678,0.6
metadata,11,808,0.4037,-0.20365,0.6
metadata,11,909,0.35937,-0.21725,0.6
metadata,11,1010,0.39437,-0.20458,0.6
metadata,11,1111,0.33795,-0.21665,0.6
metadata,11,1212,0.40035,-0.20737,0.6
metadata,11,1313,0.39453,-0.19842,0.6
metadata,11,1414,0.37526,-0.2101,0.6
metadata,11,1515,0.4114,-0.20009,0.6
metadata,11,1616,0.37797,-0.20074,0.6
metadata,11,1717,0.39909,-0.2056,0.6
metadata,11,1818,0.367,-0.22226,0.6
metadata,11,1919,0.34847,-0.22057,0.6
metadata,12,42,0.41316,-0.19547,0.6
metadata,12,101,0.37284,-0.19537,0.6
metadata,12,202,0.36218,-0.23092,0.6
metadata,12,303,0.33596,-0.18129,0.6
metadata,12,404,0.39165,-0.21359,0.6
metadata,12,505,0.43275,-0.18748,0.6
metadata,12,606,0.39833,-0.21158,0.7
metadata,12,707,0.37731,-0.20939,0.6
metadata,12,808,0.42865,-0.19793,0.6
metadata,12,909,0.35061,-0.20449,0.6
metadata,12,1010,0.40064,-0.21628,0.7
metadata,12,1111,0.3444,-0.21258,0.7
metadata,12,1212,0.41571,-0.22555,0.7
metadata,12,1313,0.38226,-0.20704,0.7
metadata,12,1414,0.39685,-0.19901,0.7
metadata,12,1515,0.40209,-0.20822,0.6
metadata,12,1616,0.38905,-0.20056,0.7
metadata,12,1717,0.38528,-0.20963,0.7
metadata,12,1818,0.3644,-0.22401,0.7
metadata,12,1919,0.3568,-0.22995,0.7
metadata,13,42,0.4073,-0.19918,0.7
metadata,13,101,0.36596,-0.20633,0.6
metadata,13,202,0.34724,-0.21687,0.7
metadata,13,303,0.33537,-0.18818,0.7
metadata,13,404,0.39043,-0.20465,0.7
metadata,13,505,0.4054,-0.20468,0.7
metadata,13,606,0.3896,-0.2165,0.7
metadata,13,707,0.37372,-0.20843,0.7
metadata,13,808,0.39743,-0.20222,0.7
metadata,13,909,0.34584,-0.20248,0.7
metadata,13,1010,0.39367,-0.21141,0.7
metadata,13,1111,0.35075,-0.20871,0.7
metadata,13,1212,0.4218,-0.20915,0.7
metadata,13,1313,0.37498,-0.20613,0.7
metadata,13,1414,0.40204,-0.20884,0.7
metadata,13,1515,0.39762,-0.2145,0.7
metadata,13,1616,0.39239,-0.20862,0.7
metadata,13,1717,0.39693,-0.20395,0.7
metadata,13,1818,0.3619,-0.23905,0.7
metadata,13,1919,0.38564,-0.22349,0.7
metadata,14,42,0.40205,-0.20055,0.7
metadata,14,101,0.38067,-0.21633,0.7
metadata,14,202,0.34574,-0.21576,0.7
metadata,14,303,0.33572,-0.19119,0.7
metadata,14,404,0.40187,-0.213,0.7
metadata,14,505,0.39899,-0.19709,0.7
metadata,14,606,0.38537,-0.22113,0.7
metadata,14,707,0.36373,-0.2038,0.7
metadata,14,808,0.36931,-0.19617,0.7
metadata,14,909,0.35296,-0.19404,0.7
metadata,14,1010,0.39062,-0.21367,0.7
metadata,14,1111,0.3425,-0.21151,0.8
metadata,14,1212,0.42991,-0.20084,0.7
metadata,14,1313,0.38708,-0.21063,0.7
metadata,14,1414,0.39837,-0.22121,0.7
metadata,14,1515,0.38175,-0.21456,0.7
metadata,14,1616,0.39062,-0.2037,0.7
metadata,14,1717,0.41322,-0.20043,0.7
metadata,14,1818,0.37813,-0.23329,0.7
metadata,14,1919,0.3814,-0.21778,0.7
metadata,15,42,0.38087,-0.19801,3.6
metadata,15,101,0.38051,-0.20898,3.4
metadata,15,202,0.34306,-0.21635,3.8
metadata,15,303,0.35437,-0.19711,3.6
metadata,15,404,0.40253,-0.22364,3.8
metadata,15,505,0.40356,-0.19808,3.1
metadata,15,606,0.37403,-0.20973,3.1
metadata,15,707,0.35611,-0.2019,3.2
metadata,15,808,0.38833,-0.20046,3.1
metadata,15,909,0.34674,-0.20067,3.1
metadata,15,1010,0.37573,-0.19797,3.2
metadata,15,1111,0.33779,-0.20802,3.0
metadata,15,1212,0.37419,-0.20286,3.1
metadata,15,1313,0.36992,-0.22131,3.1
metadata,15,1414,0.37996,-0.23286,3.2
metadata,15,1515,0.34984,-0.22423,3.2
metadata,15,1616,0.35716,-0.20604,3.2
metadata,15,1717,0.38957,-0.21272,3.1
metadata,15,1818,0.36174,-0.22893,3.0
metadata,15,1919,0.37333,-0.21892,3.3
metadata,16,42,0.39912,-0.20406,3.2
metadata,16,101,0.37163,-0.20437,3.1
metadata,16,202,0.34071,-0.23003,3.2
metadata,16,303,0.33863,-0.19458,3.1
metadata,16,404,0.40751,-0.21592,3.3
metadata,16,505,0.39819,-0.19703,3.3
metadata,16,606,0.37249,-0.22117,3.3
metadata,16,707,0.37509,-0.1979,3.1
metadata,16,808,0.37813,-0.20493,3.1
metadata,16,909,0.35386,-0.19595,3.1
metadata,16,1010,0.38847,-0.2043,3.1
metadata,16,1111,0.32876,-0.21009,3.1
metadata,16,1212,0.37183,-0.2102,3.1
metadata,16,1313,0.39049,-0.22399,3.2
metadata,16,1414,0.37737,-0.22289,3.2
metadata,16,1515,0.38796,-0.22272,3.3
metadata,16,1616,0.36001,-0.20486,3.1
metadata,16,1717,0.39542,-0.21517,3.1
metadata,16,1818,0.36766,-0.21873,3.1
metadata,16,1919,0.38226,-0.20743,3.0
metadata,17,42,0.39937,-0.20378,3.2
metadata,17,101,0.36393,-0.20296,3.2
metadata,17,202,0.333,-0.23126,3.2
metadata,17,303,0.34818,-0.19394,3.2
metadata,17,404,0.36776,-0.21178,3.3
metadata,17,505,0.39973,-0.1967,3.3
metadata,17,606,0.37366,-0.22652,3.4
metadata,17,707,0.36821,-0.20149,3.3
metadata,17,808,0.38596,-0.20125,3.2
metadata,17,909,0.35445,-0.1977,3.2
metadata,17,1010,0.38779,-0.20703,3.3
metadata,17,1111,0.3319,-0.20679,3.2
metadata,17,1212,0.37762,-0.21772,3.3
metadata,17,1313,0.39978,-0.22555,3.2
metadata,17,1414,0.38304,-0.22747,3.2
metadata,17,1515,0.38834,-0.22811,3.3
metadata,17,1616,0.36119,-0.2003,3.3
metadata,17,1717,0.38679,-0.22045,3.6
metadata,17,1818,0.36889,-0.21731,3.3
metadata,17,1919,0.38653,-0.21156,3.4
metadata,18,42,0.37574,-0.20908,3.3
metadata,18,101,0.35448,-0.2038,3.2
metadata,18,202,0.36107,-0.23044,3.3
metadata,18,303,0.34079,-0.20154,3.3
metadata,18,404,0.38425,-0.20588,3.6
metadata,18,505,0.3814,-0.20758,3.6
metadata,18,606,0.36456,-0.22455,3.3
metadata,18,707,0.35757,-0.20489,3.8
metadata,18,808,0.38235,-0.20857,3.3
metadata,18,909,0.34004,-0.1923,3.3
metadata,18,1010,0.38213,-0.20069,3.3
metadata,18,1111,0.30197,-0.21652,3.4
metadata,18,1212,0.37776,-0.20912,3.4
metadata,18,1313,0.39818,-0.23117,3.3
metadata,18,1414,0.37395,-0.22655,3.4
metadata,18,1515,0.4085,-0.2211,3.6
metadata,18,1616,0.36462,-0.20509,3.3
metadata,18,1717,0.39,-0.21598,3.4
metadata,18,1818,0.35652,-0.2161,3.3
metadata,18,1919,0.38188,-0.21883,3.4
metadata,19,42,0.39785,-0.21361,3.4
metadata,19,101,0.35889,-0.20562,3.4
metadata,19,202,0.32624,-0.22504,3.7
metadata,19,303,0.34492,-0.20921,4.0
metadata,19,404,0.37688,-0.20465,3.6
metadata,19,505,0.38312,-0.20325,3.6
metadata,19,606,0.34887,-0.22291,3.6
metadata,19,707,0.35872,-0.20681,3.9
metadata,19,808,0.36558,-0.20405,3.4
metadata,19,909,0.31174,-0.1973,3.3
metadata,19,1010,0.37305,-0.20522,3.4
metadata,19,1111,0.32363,-0.21,3.6
metadata,19,1212,0.37759,-0.21037,3.7
metadata,19,1313,0.37262,-0.22589,3.6
metadata,19,1414,0.36161,-0.22086,3.9
metadata,19,1515,0.39097,-0.21993,3.6
metadata,19,1616,0.36194,-0.21234,3.6
metadata,19,1717,0.36256,-0.22204,3.8
metadata,19,1818,0.36755,-0.22065,3.6
metadata,19,1919,0.39292,-0.22427,3.8
metadata,20,42,0.37361,-0.2078,3.4
metadata,20,101,0.3362,-0.20622,3.5
metadata,20,202,0.33673,-0.21742,3.7
metadata,20,303,0.34729,-0.21015,3.4
metadata,20,404,0.376,-0.21118,3.9
metadata,20,505,0.39277,-0.20788,3.9
metadata,20,606,0.36177,-0.21326,3.7
metadata,20,707,0.35757,-0.21693,3.5
metadata,20,808,0.34284,-0.20721,3.4
metadata,20,909,0.32265,-0.201,3.3
metadata,20,1010,0.36943,-0.20607,3.5
metadata,20,1111,0.3287,-0.20951,3.4
metadata,20,1212,0.3904,-0.20814,3.5
metadata,20,1313,0.373,-0.22718,3.9
metadata,20,1414,0.37039,-0.23006,3.6
metadata,20,1515,0.38522,-0.22014,3.6
metadata,20,1616,0.36476,-0.20728,3.4
metadata,20,1717,0.36498,-0.22154,3.4
metadata,20,1818,0.38997,-0.21573,3.5
metadata,20,1919,0.3824,-0.22493,3.6
