representation,k,mean_cv,sd_cv,mean_cnpmi,sd_cnpmi,mean_stability,sd_stability,mean_diversity,medoid_seed_index,medoid_seed,redundancy_jaccard_mean,redundancy_cosine_mean,dominant_counts_json,zero_dominance_topics,topics_lt3,topics_lt5,min_dominant_count,max_dominant_count,prevalence_json,mean_assignment_confidence,prop_conf_lt40,prop_conf_40_60,prop_conf_gt60,cv_dominant_counts,normalized_entropy,gini,largest_topic_proportion,smallest_topic_proportion,max_min_ratio,n_fits,wall_seconds
metadata,2,0.32373,0.03061,-0.14874,0.02224,0.73053,0.07208,0.941,8,808,0.05263,0.32712,"[33, 33]",0,0,0,33,33,"[0.53458, 0.46542]",0.84306,0.0,0.06061,0.93939,0.0,1.0,0.0,0.5,0.5,1.0,20,34.6
metadata,3,0.34733,0.03573,-0.14907,0.01648,0.6477,0.05795,0.89133,12,1212,0.04412,0.29569,"[22, 24, 20]",0,0,0,20,24,"[0.34965, 0.35209, 0.29826]",0.75229,0.0,0.22727,0.77273,0.09091,0.99749,0.0404,0.36364,0.30303,1.2,20,35.0
metadata,4,0.35841,0.0485,-0.16376,0.0146,0.58153,0.05134,0.849,12,1212,0.03936,0.27712,"[22, 16, 15, 13]",0,0,0,13,22,"[0.29181, 0.24155, 0.2416, 0.22504]",0.71932,0.01515,0.22727,0.75758,0.23473,0.98571,0.10606,0.33333,0.19697,1.69231,20,36.3
metadata,5,0.36945,0.03469,-0.17274,0.01867,0.54886,0.03959,0.8,3,303,0.04872,0.26863,"[4, 21, 18, 10, 13]",0,0,1,4,21,"[0.09742, 0.27186, 0.24684, 0.18409, 0.19979]",0.66612,0.10606,0.31818,0.57576,0.5065,0.92861,0.25455,0.31818,0.06061,5.25,20,36.7
metadata,6,0.37027,0.02821,-0.18246,0.01604,0.52465,0.03257,0.775,16,1616,0.04462,0.22783,"[7, 15, 7, 15, 9, 13]",0,0,0,7,15,"[0.11348, 0.21211, 0.13531, 0.20663, 0.15917, 0.1733]",0.61097,0.16667,0.31818,0.51515,0.34498,0.97173,0.17172,0.22727,0.10606,2.14286,20,38.3
metadata,7,0.37468,0.0246,-0.18801,0.01175,0.50226,0.03247,0.742,8,808,0.03952,0.2141,"[15, 10, 6, 6, 5, 8, 16]",0,0,0,5,16,"[0.18519, 0.14956, 0.10827, 0.10868, 0.11126, 0.14052, 0.19652]",0.5932,0.15152,0.43939,0.40909,0.47375,0.95247,0.2381,0.24242,0.07576,3.2,20,41.4
metadata,8,0.37896,0.02521,-0.19285,0.01138,0.48254,0.03102,0.711,8,808,0.04254,0.19345,"[16, 10, 6, 5, 5, 6, 16, 2]",0,1,1,2,16,"[0.17154, 0.13911, 0.11152, 0.09728, 0.10596, 0.11867, 0.18143, 0.0745]",0.56272,0.19697,0.45455,0.34848,0.63729,0.91652,0.31818,0.24242,0.0303,8.0,20,18.6
metadata,9,0.37052,0.02688,-0.20243,0.01492,0.4637,0.02818,0.67422,17,1717,0.04477,0.18384,"[5, 6, 3, 7, 4, 11, 13, 7, 10]",0,0,2,3,13,"[0.09288, 0.10594, 0.08798, 0.10803, 0.09324, 0.12193, 0.15377, 0.11246, 0.12377]",0.54189,0.25758,0.36364,0.37879,0.45738,0.95774,0.24242,0.19697,0.04545,4.33333,20,11.3
metadata,10,0.37891,0.02298,-0.20651,0.01213,0.44963,0.02802,0.6466,5,505,0.03413,0.13383,"[6, 7, 3, 3, 10, 7, 1, 8, 10, 11]",0,1,3,1,11,"[0.10654, 0.09189, 0.06173, 0.08835, 0.12086, 0.10451, 0.06079, 0.10912, 0.12785, 0.12836]",0.50616,0.37879,0.31818,0.30303,0.51108,0.9401,0.27273,0.16667,0.01515,11.0,20,12.6
metadata,11,0.37877,0.02216,-0.20638,0.01032,0.44045,0.02815,0.61418,0,42,0.04695,0.13058,"[4, 11, 1, 4, 11, 1, 4, 17, 1, 1, 11]",0,4,7,1,17,"[0.07928, 0.14216, 0.0526, 0.06545, 0.14144, 0.06035, 0.07967, 0.156, 0.0476, 0.05729, 0.11818]",0.50965,0.34848,0.30303,0.34848,0.92496,0.83777,0.46832,0.25758,0.01515,17.0,20,13.9
metadata,12,0.38505,0.02717,-0.20802,0.0134,0.43996,0.03273,0.57867,8,808,0.06131,0.1814,"[15, 6, 1, 3, 3, 4, 5, 1, 9, 3, 0, 16]",1,3,7,0,16,"[0.14406, 0.08357, 0.05023, 0.06743, 0.06585, 0.07469, 0.09681, 0.04656, 0.12399, 0.07238, 0.01674, 0.15768]",0.49715,0.37879,0.33333,0.28788,0.95739,0.83858,0.4798,0.24242,0.0,,20,14.9
metadata,13,0.3818,0.02374,-0.20917,0.01017,0.44849,0.03417,0.55031,9,909,0.06402,0.21282,"[10, 0, 7, 6, 7, 5, 2, 5, 0, 1, 2, 13, 8]",2,5,5,0,13,"[0.12549, 0.01645, 0.08982, 0.09589, 0.09361, 0.08123, 0.05892, 0.08871, 0.01747, 0.05438, 0.04925, 0.13448, 0.09431]",0.48207,0.37879,0.30303,0.31818,0.78567,0.86629,0.42424,0.19697,0.0,,20,16.1
metadata,14,0.3815,0.02425,-0.20883,0.01089,0.44917,0.03176,0.52343,17,1717,0.05175,0.17835,"[3, 6, 1, 5, 3, 3, 8, 6, 10, 0, 2, 1, 10, 8]",1,4,7,0,10,"[0.05674, 0.08543, 0.05413, 0.07262, 0.06112, 0.06179, 0.09879, 0.07408, 0.09519, 0.01616, 0.06401, 0.05764, 0.1126, 0.08972]",0.4625,0.36364,0.40909,0.22727,0.71295,0.89777,0.38961,0.15152,0.0,,20,21.3
metadata,15,0.36997,0.01876,-0.21044,0.01132,0.44837,0.03367,0.496,17,1717,0.06413,0.22696,"[5, 8, 1, 5, 3, 0, 7, 4, 10, 0, 2, 1, 10, 0, 10]",3,6,8,0,10,"[0.06493, 0.09847, 0.05411, 0.074, 0.06214, 0.01621, 0.09542, 0.05997, 0.09388, 0.01589, 0.06675, 0.05884, 0.1185, 0.01589, 0.105]",0.44752,0.39394,0.40909,0.19697,0.86671,0.84407,0.47273,0.15152,0.0,,20,76.2
metadata,16,0.37428,0.02131,-0.21032,0.0105,0.44575,0.03551,0.472,5,505,0.06086,0.15252,"[6, 3, 1, 2, 4, 3, 0, 6, 8, 9, 9, 5, 3, 0, 1, 6]",2,5,9,0,9,"[0.08147, 0.05227, 0.04327, 0.06373, 0.05637, 0.06117, 0.01874, 0.06796, 0.07973, 0.08926, 0.09976, 0.07133, 0.06104, 0.01563, 0.05321, 0.08505]",0.43293,0.51515,0.24242,0.24242,0.72929,0.89192,0.40152,0.13636,0.0,,20,75.3
metadata,17,0.37331,0.02024,-0.21148,0.01197,0.44204,0.03417,0.45318,5,505,0.06085,0.18864,"[6, 3, 1, 3, 3, 3, 0, 6, 7, 4, 8, 4, 4, 0, 1, 6, 7]",2,4,11,0,8,"[0.08044, 0.04995, 0.04327, 0.06186, 0.05054, 0.05997, 0.01538, 0.06403, 0.0788, 0.05866, 0.09701, 0.06727, 0.05974, 0.01538, 0.05145, 0.07868, 0.06757]",0.41525,0.54545,0.21212,0.24242,0.64318,0.91217,0.35294,0.12121,0.0,,20,79.2
metadata,18,0.36889,0.02365,-0.21249,0.01059,0.44109,0.03426,0.433,5,505,0.05625,0.17597,"[6, 3, 1, 2, 3, 3, 0, 6, 8, 4, 7, 4, 4, 0, 1, 4, 7, 3]",2,5,13,0,8,"[0.07916, 0.05005, 0.04134, 0.06002, 0.04618, 0.05811, 0.01513, 0.05866, 0.07531, 0.05533, 0.0884, 0.06533, 0.05595, 0.01513, 0.04487, 0.07285, 0.0662, 0.05199]",0.40239,0.57576,0.19697,0.22727,0.65481,0.91415,0.35859,0.12121,0.0,,20,84.2
metadata,19,0.36286,0.02296,-0.2132,0.00877,0.43414,0.0362,0.41158,3,303,0.07671,0.22678,"[0, 6, 10, 6, 3, 0, 1, 8, 0, 7, 0, 5, 2, 1, 7, 2, 3, 2, 3]",4,9,12,0,10,"[0.0149, 0.07428, 0.10372, 0.06498, 0.06223, 0.0149, 0.04857, 0.07346, 0.0149, 0.07962, 0.0149, 0.0608, 0.05927, 0.04668, 0.07434, 0.04483, 0.04675, 0.04611, 0.05479]",0.39802,0.56061,0.25758,0.18182,0.88662,0.8543,0.48166,0.15152,0.0,,20,91.0
metadata,20,0.36333,0.02129,-0.21348,0.00795,0.43094,0.03803,0.3951,7,707,0.07715,0.16679,"[4, 0, 5, 2, 0, 2, 8, 5, 0, 2, 3, 3, 13, 0, 1, 3, 8, 1, 1, 5]",4,10,14,0,13,"[0.05732, 0.01482, 0.06095, 0.04991, 0.01467, 0.03241, 0.08759, 0.06762, 0.0274, 0.04771, 0.05579, 0.05935, 0.11152, 0.01473, 0.04356, 0.05059, 0.0741, 0.02691, 0.03681, 0.06624]",0.39027,0.63636,0.18182,0.18182,1.0127,0.84043,0.51364,0.19697,0.0,,20,90.2
