k,seed,c_v,c_npmi,c_umass,topic_diversity,mean_top20_jaccard,mean_cosine_redundancy,mean_js_distance_redundancy,n_topics_0_studies,n_topics_1_study,n_topics_lt3_studies,n_topics_lt5_studies,margin_mean,prop_conf_lt_0.40,prop_conf_0.40_0.60,prop_conf_gt_0.60,model_path
2,0,0.366485935781552,-0.027691118717777977,-0.46147684358839536,0.975,0.02564102564102564,0.44604170322418213,0.5378237453707935,0,0,0,0,0.7655128348917997,0.0,0.09090909090909091,0.9090909090909091,models\fulltext\k02_seed00.model
2,1,0.23620006247053849,-0.06804343598159347,-0.5432533130571463,0.9,0.1111111111111111,0.4085620641708374,0.4525153761308178,0,0,0,0,0.8118345090015557,0.0,0.0,1.0,models\fulltext\k02_seed01.model
2,2,0.33147051170079966,-0.03640268967244487,-0.508425089272473,0.95,0.05263157894736842,0.4808255732059479,0.4929367093465158,0,0,0,0,0.7048883243405175,0.0,0.12121212121212122,0.8787878787878788,models\fulltext\k02_seed02.model
2,3,0.25315291640994597,-0.04941345867349593,-0.534578679910021,0.975,0.02564102564102564,0.4946087896823883,0.4821469129993464,0,0,0,0,0.7578973955616509,0.0,0.10606060606060606,0.8939393939393939,models\fulltext\k02_seed03.model
2,4,0.2305939127567152,-0.056840515339494656,-0.5035081297379003,0.925,0.08108108108108109,0.41962239146232605,0.4473289862683537,0,0,0,0,0.7857308358405851,0.0,0.06060606060606061,0.9393939393939394,models\fulltext\k02_seed04.model
2,5,0.31229728208061286,-0.05413425387567071,-0.5740126569265338,0.95,0.05263157894736842,0.47689786553382874,0.5223017179768141,0,0,0,0,0.7295413735251769,0.0,0.10606060606060606,0.8939393939393939,models\fulltext\k02_seed05.model
2,6,0.3424519103536715,-0.02565819746004459,-0.4972400935761684,0.95,0.05263157894736842,0.47181031107902527,0.5219135725146447,0,0,0,0,0.7692511869681491,0.0,0.015151515151515152,0.9848484848484849,models\fulltext\k02_seed06.model
2,7,0.3201544399040666,-0.027422182829658935,-0.4369433212910129,0.975,0.02564102564102564,0.35566675662994385,0.5130826828952547,0,0,0,0,0.7828913136787433,0.0,0.06060606060606061,0.9393939393939394,models\fulltext\k02_seed07.model
2,8,0.3032697059954826,-0.03636802110580219,-0.493257987756167,0.95,0.05263157894736842,0.3936956226825714,0.4922810070078024,0,0,0,0,0.6767614386985907,0.0,0.10606060606060606,0.8939393939393939,models\fulltext\k02_seed08.model
2,9,0.33589816145433116,-0.03424963650425576,-0.4873653404304404,0.975,0.02564102564102564,0.49521058797836304,0.513272452744337,0,0,0,0,0.7326354146605698,0.0,0.07575757575757576,0.9242424242424242,models\fulltext\k02_seed09.model
2,10,0.3423084449902888,-0.03665756647252505,-0.5603884129766977,0.975,0.02564102564102564,0.4741537868976593,0.5215987545912983,0,0,0,0,0.7604669954412615,0.0,0.09090909090909091,0.9090909090909091,models\fulltext\k02_seed10.model
2,11,0.33088171111434017,-0.026779565857792932,-0.4717800769054906,0.95,0.05263157894736842,0.45131316781044006,0.4908919651296154,0,0,0,0,0.7446898854986461,0.0,0.07575757575757576,0.9242424242424242,models\fulltext\k02_seed11.model
2,12,0.23579531860828432,-0.07397194624732728,-0.6162780328295658,0.925,0.08108108108108109,0.40943020582199097,0.44405075268815897,0,0,0,0,0.7538333384960479,0.0,0.12121212121212122,0.8787878787878788,models\fulltext\k02_seed12.model
2,13,0.34865852501313016,-0.035308866064694716,-0.48266962249356904,0.95,0.05263157894736842,0.4619084894657135,0.5301516570666901,0,0,0,0,0.7591824919182368,0.0,0.09090909090909091,0.9090909090909091,models\fulltext\k02_seed13.model
2,14,0.2778976654310091,-0.0642804760907711,-0.5400680007815901,0.9,0.1111111111111111,0.5623108148574829,0.4577807368652771,0,0,0,0,0.7433448880813861,0.0,0.10606060606060606,0.8939393939393939,models\fulltext\k02_seed14.model
2,15,0.35294078884361835,-0.027651663337834226,-0.5020581859177817,0.975,0.02564102564102564,0.4593978226184845,0.5286177871050598,0,0,0,0,0.76123751763771,0.0,0.09090909090909091,0.9090909090909091,models\fulltext\k02_seed15.model
2,16,0.3224491145806525,-0.02408534927456785,-0.4398575955176004,0.975,0.02564102564102564,0.3356093764305115,0.5132685576315557,0,0,0,0,0.7784215450691122,0.0,0.10606060606060606,0.8939393939393939,models\fulltext\k02_seed16.model
2,17,0.3477506157792356,-0.02338918947315395,-0.5060909270944928,0.975,0.02564102564102564,0.45103323459625244,0.5135127497988161,0,0,0,0,0.7202186445352626,0.0,0.13636363636363635,0.8636363636363636,models\fulltext\k02_seed17.model
2,18,0.33922773919664784,-0.023562369471535696,-0.4858361431772135,0.975,0.02564102564102564,0.4365893304347992,0.49882266385877794,0,0,0,0,0.7840383155867268,0.0,0.06060606060606061,0.9393939393939394,models\fulltext\k02_seed18.model
2,19,0.30429256512652336,-0.056891198708985194,-0.5595534586562497,0.925,0.08108108108108109,0.5173917412757874,0.4747846775441096,0,0,0,0,0.7752180858262749,0.0,0.09090909090909091,0.9090909090909091,models\fulltext\k02_seed19.model
3,0,0.384599338224366,-0.02823812797567915,-0.48548082668917675,0.8833333333333333,0.07370991581517897,0.42572976152102154,0.5413583055300716,0,0,0,0,0.690373646876651,0.0,0.13636363636363635,0.8636363636363636,models\fulltext\k03_seed00.model
3,1,0.36839522210710013,-0.029201086420438283,-0.5279327366711996,0.9,0.05311789522315838,0.30496158202489215,0.5324469717679939,0,0,0,0,0.7078612331550892,0.0,0.10606060606060606,0.8939393939393939,models\fulltext\k03_seed01.model
3,2,0.40676059703234024,-0.02598487227968548,-0.5289525528482696,0.9166666666666666,0.05311789522315838,0.3650329311688741,0.5434086590260662,0,0,0,0,0.6392265623267535,0.0,0.18181818181818182,0.8181818181818182,models\fulltext\k03_seed02.model
3,3,0.32731712251945194,-0.05299301088799895,-0.5631853325577588,0.9,0.05311789522315838,0.2812829564015071,0.5359472772537317,0,0,0,0,0.7006840295193935,0.0,0.12121212121212122,0.8787878787878788,models\fulltext\k03_seed03.model
3,4,0.3438612167746024,-0.03767085767310984,-0.5890603263763505,0.8833333333333333,0.06211474632527264,0.3448810279369354,0.537464421493713,0,0,0,0,0.6713346298733858,0.0,0.10606060606060606,0.8939393939393939,models\fulltext\k03_seed04.model
3,5,0.2889780517627406,-0.06772062244001913,-0.5944083105928888,0.85,0.08160792371318687,0.4277891318003337,0.5385580387052686,0,0,0,0,0.6535219775268519,0.0,0.16666666666666666,0.8333333333333334,models\fulltext\k03_seed05.model
3,6,0.351722612358009,-0.03979214543108192,-0.6038197709811363,0.9166666666666666,0.04412104412104412,0.36573516329129535,0.5510331515979514,0,0,0,0,0.7085221432753315,0.0,0.12121212121212122,0.8787878787878788,models\fulltext\k03_seed06.model
3,7,0.3433380486722401,-0.035812983928525194,-0.5258583549349853,0.9,0.05263157894736842,0.38220270971457165,0.5466394415119252,0,0,0,0,0.6777174039837685,0.0,0.15151515151515152,0.8484848484848485,models\fulltext\k03_seed07.model
3,8,0.3581945108876592,-0.02798139685068063,-0.5653277846991257,0.9166666666666666,0.043634727845254156,0.3160189837217331,0.5589886138860054,0,0,0,0,0.7009387556150669,0.0,0.06060606060606061,0.9393939393939394,models\fulltext\k03_seed08.model
3,9,0.34448767873769043,-0.04577572646221362,-0.6085029616777411,0.9333333333333333,0.034637876743139895,0.3998493154843648,0.5518698686467177,0,0,0,0,0.6882566313951511,0.0,0.09090909090909091,0.9090909090909091,models\fulltext\k03_seed09.model
3,10,0.30889712440417555,-0.053312719654939146,-0.5826919110710961,0.8833333333333333,0.06516290726817042,0.36345017949740094,0.5284926271397802,0,0,0,0,0.7280663375002294,0.015151515151515152,0.10606060606060606,0.8787878787878788,models\fulltext\k03_seed10.model
3,11,0.28661006566561037,-0.07444872312003543,-0.6152219110260704,0.9,0.06211474632527264,0.3221862117449443,0.528414275778464,0,0,0,0,0.6741987309650072,0.0,0.09090909090909091,0.9090909090909091,models\fulltext\k03_seed11.model
3,12,0.40633530024757053,-0.02367289361649035,-0.5309603111110981,0.9,0.05616605616605616,0.3532341519991557,0.5419845205341278,0,0,0,0,0.689438395213253,0.0,0.12121212121212122,0.8787878787878788,models\fulltext\k03_seed12.model
3,13,0.3374399136058712,-0.04821625492285752,-0.552747038616371,0.9,0.05263157894736842,0.42859304944674176,0.5487094139725751,0,0,0,0,0.6711293877237536,0.0,0.15151515151515152,0.8484848484848485,models\fulltext\k03_seed13.model
3,14,0.3774318073375002,-0.041331216112759625,-0.6013883021481846,0.95,0.0346378767431399,0.4132932821909587,0.5495242609236748,0,0,0,0,0.6399386684429236,0.0,0.12121212121212122,0.8787878787878788,models\fulltext\k03_seed14.model
3,15,0.3363929420477096,-0.046364499081085496,-0.5568587588599171,0.9333333333333333,0.034637876743139895,0.3834596673647563,0.5457837798240984,0,0,0,0,0.7114893037518083,0.015151515151515152,0.06060606060606061,0.9242424242424242,models\fulltext\k03_seed15.model
3,16,0.28781217031031137,-0.058514603067371586,-0.6765648343504065,0.9,0.05311789522315838,0.3505558868249257,0.531576646022004,0,0,0,0,0.7084519267968972,0.0,0.12121212121212122,0.8787878787878788,models\fulltext\k03_seed16.model
3,17,0.4088117739082304,-0.02905803464591203,-0.5598512973316776,0.95,0.0346378767431399,0.3687603374322255,0.5560330326537228,0,0,0,0,0.6401821844275687,0.0,0.19696969696969696,0.803030303030303,models\fulltext\k03_seed17.model
3,18,0.32861455187493505,-0.031488149221650524,-0.5154515921708973,0.85,0.08270676691729323,0.37675578395525616,0.5339126042026461,0,0,0,0,0.6926528666737354,0.0,0.09090909090909091,0.9090909090909091,models\fulltext\k03_seed18.model
3,19,0.31423131127529846,-0.05523804296665682,-0.6322176852318551,0.85,0.08270676691729323,0.42286216219266254,0.5216737133974777,0,0,0,0,0.7562761526012378,0.0,0.045454545454545456,0.9545454545454546,models\fulltext\k03_seed19.model
4,0,0.42264419395601527,-0.025665932033238782,-0.6804780504314112,0.9,0.039604381709644865,0.3616381213068962,0.5707546584953196,0,0,0,0,0.6510840673711231,0.0,0.21212121212121213,0.7878787878787878,models\fulltext\k04_seed00.model
4,1,0.34100032039578715,-0.05731925403517257,-0.6934866614245141,0.8125,0.08211450316713474,0.33928977449735004,0.5564475456299955,0,0,0,0,0.7407826532863151,0.0,0.10606060606060606,0.8939393939393939,models\fulltext\k04_seed01.model
4,2,0.4514350424770548,-0.009194755697919003,-0.6235886483518406,0.9,0.048619469672101255,0.31573805461327237,0.5851458640540651,0,0,0,0,0.6545333236184282,0.030303030303030304,0.18181818181818182,0.7878787878787878,models\fulltext\k04_seed02.model
4,3,0.4068635530130824,-0.02467264421578985,-0.6079990038986045,0.9,0.03486279802069275,0.2802302340666453,0.5962059658549155,0,0,0,1,0.6606631341258462,0.0,0.13636363636363635,0.8636363636363636,models\fulltext\k04_seed03.model
4,4,0.3227345074656365,-0.06716555626550108,-0.7822059488907717,0.8375,0.06449948400412797,0.31055504580338794,0.563441853900107,0,0,0,0,0.5670577271544475,0.015151515151515152,0.18181818181818182,0.803030303030303,models\fulltext\k04_seed04.model
4,5,0.3618786977431447,-0.0407261103801806,-0.5966279139618175,0.875,0.048844390949654114,0.31351881970961887,0.5735997961674151,0,0,0,0,0.5844264487331009,0.0,0.2727272727272727,0.7272727272727273,models\fulltext\k04_seed05.model
4,6,0.3751121877191965,-0.03323617921317221,-0.691782088005714,0.85,0.0628644839171155,0.3868349219361941,0.5683987779048284,0,0,0,0,0.6897376017018497,0.015151515151515152,0.13636363636363635,0.8484848484848485,models\fulltext\k04_seed06.model
4,7,0.37029735362419086,-0.050007189217509,-0.6609353467186116,0.8875,0.044345965398596976,0.35611388583978015,0.5863054446711898,0,0,0,0,0.6257496050836214,0.030303030303030304,0.15151515151515152,0.8181818181818182,models\fulltext\k04_seed07.model
4,8,0.3734611957680294,-0.03264291878214559,-0.6674901890582968,0.8625,0.0538493959546591,0.31530720243851346,0.5886908304155072,0,0,0,0,0.6169793252093134,0.0,0.21212121212121213,0.7878787878787878,models\fulltext\k04_seed08.model
4,9,0.31921827699805005,-0.0645687513357695,-0.6657064590291214,0.8625,0.06498580027991793,0.353309045235316,0.557224209422181,0,0,0,0,0.6000333772043301,0.015151515151515152,0.21212121212121213,0.7727272727272727,models\fulltext\k04_seed09.model
4,10,0.31965969900328317,-0.0559086333520882,-0.6570624509409775,0.8375,0.06388198493461651,0.2930944512287776,0.5641955939813864,0,0,0,0,0.6312693584149284,0.030303030303030304,0.15151515151515152,0.8181818181818182,models\fulltext\k04_seed10.model
4,11,0.3131030194952456,-0.058460123546830896,-0.6038502895111486,0.825,0.07210449315712474,0.3096898595492045,0.5637638552193024,0,0,0,0,0.584261947681267,0.015151515151515152,0.25757575757575757,0.7272727272727273,models\fulltext\k04_seed11.model
4,12,0.35999178926476305,-0.05588260143405984,-0.6197419540407381,0.8375,0.0641454062506694,0.34204941987991333,0.5673550764967316,0,0,0,0,0.6482775090446948,0.0,0.21212121212121213,0.7878787878787878,models\fulltext\k04_seed12.model
4,13,0.35536356242260214,-0.049556350162159625,-0.5336727397687856,0.8625,0.05384939595465912,0.3583124081293742,0.5834994158015788,0,0,0,0,0.5894402471973273,0.030303030303030304,0.15151515151515152,0.8181818181818182,models\fulltext\k04_seed13.model
4,14,0.3727458636940361,-0.04601756822261039,-0.6385707043595793,0.85,0.05761632077421552,0.4023994555075963,0.5699069688052282,0,0,0,0,0.6115608265330813,0.030303030303030304,0.25757575757575757,0.7121212121212122,models\fulltext\k04_seed14.model
4,15,0.35320020296095,-0.05078272999340152,-0.6271722640992343,0.8625,0.06235790446316763,0.38596732417742413,0.5777294385948883,0,0,0,0,0.6561675833577972,0.0,0.18181818181818182,0.8181818181818182,models\fulltext\k04_seed15.model
4,16,0.2765753323665398,-0.07798439582517505,-0.6229785890164684,0.8375,0.06235790446316763,0.37006253004074097,0.5466544776723189,0,0,0,0,0.6660925486942302,0.0,0.12121212121212122,0.8787878787878788,models\fulltext\k04_seed16.model
4,17,0.336799738995188,-0.035748787565138794,-0.5393850604473861,0.775,0.0989923621502569,0.42894069850444794,0.5449330424605026,0,0,0,0,0.6297860627908615,0.030303030303030304,0.19696969696969696,0.7727272727272727,models\fulltext\k04_seed17.model
4,18,0.34119055545578614,-0.044884699165977426,-0.5873007264833624,0.8125,0.07351457196658436,0.3713064466913541,0.5561822864408307,0,0,0,0,0.6803719088179467,0.0,0.13636363636363635,0.8636363636363636,models\fulltext\k04_seed18.model
4,19,0.3715128181189512,-0.044911008663812105,-0.5954891196837468,0.8625,0.052874737085263405,0.34557930876811344,0.5712327265602509,0,0,0,0,0.6798180407576265,0.030303030303030304,0.16666666666666666,0.803030303030303,models\fulltext\k04_seed19.model
5,0,0.4085625774221544,-0.024743159534116172,-0.6252381319300053,0.82,0.053227316385211124,0.3028364390134811,0.6040661618478688,0,0,0,0,0.617843258901413,0.030303030303030304,0.16666666666666666,0.803030303030303,models\fulltext\k05_seed00.model
5,1,0.34327950712867467,-0.06499721126176537,-0.7490263202798776,0.84,0.05022431338220812,0.3181626990437508,0.590754978313941,0,0,0,0,0.6590703208124096,0.045454545454545456,0.13636363636363635,0.8181818181818182,models\fulltext\k05_seed01.model
5,2,0.4098013281743575,-0.0407588896939602,-0.8252462714806755,0.88,0.035312640575798464,0.2678120985627174,0.6118305366958332,0,0,0,0,0.6378959653083202,0.0,0.16666666666666666,0.8333333333333334,models\fulltext\k05_seed02.model
5,3,0.3715238151612404,-0.041386837422096916,-0.6284437812152268,0.79,0.06360917413548993,0.3178993135690689,0.5970349629137276,0,0,0,1,0.6754269702074094,0.0,0.13636363636363635,0.8636363636363636,models\fulltext\k05_seed03.model
5,4,0.3744781877051316,-0.04902520435884165,-0.8615384968762682,0.84,0.044534412955465584,0.2835471570491791,0.5974508313042551,0,0,0,0,0.5798849255205355,0.030303030303030304,0.22727272727272727,0.7424242424242424,models\fulltext\k05_seed04.model
5,5,0.27992113802304197,-0.08837574843660159,-0.7554364429483346,0.83,0.05875916402232191,0.3453575700521469,0.5724622126582297,0,0,0,0,0.6193994182529312,0.015151515151515152,0.18181818181818182,0.803030303030303,models\fulltext\k05_seed05.model
5,6,0.31340470388758074,-0.0663230130484715,-0.6920929135250893,0.78,0.08039022590106182,0.41621347069740294,0.5842518193694665,0,0,0,0,0.6120341274570433,0.030303030303030304,0.24242424242424243,0.7272727272727273,models\fulltext\k05_seed06.model
5,7,0.38072846396509274,-0.04115711122144784,-0.7259760396054854,0.86,0.04468030783820257,0.3459066927433014,0.6021494458825173,0,0,0,0,0.5915777853097924,0.06060606060606061,0.18181818181818182,0.7575757575757576,models\fulltext\k05_seed07.model
5,8,0.3664809414755369,-0.04373916574970226,-0.6115477116346383,0.87,0.03686398949556845,0.3179103687405586,0.5998376236536145,0,0,0,0,0.6064390857235953,0.0,0.15151515151515152,0.8484848484848485,models\fulltext\k05_seed08.model
5,9,0.30721006149289254,-0.06103150857636117,-0.6738094586698841,0.82,0.06344516870832659,0.33863151669502256,0.5832033098352833,0,0,0,0,0.6148582032917396,0.030303030303030304,0.19696969696969696,0.7727272727272727,models\fulltext\k05_seed09.model
5,10,0.3561238348379995,-0.056220623008760476,-0.6448427264601466,0.84,0.048720553983711876,0.2606684222817421,0.5915108495714814,0,0,0,0,0.6430469370985024,0.0,0.15151515151515152,0.8484848484848485,models\fulltext\k05_seed10.model
5,11,0.34186014736464,-0.05646787738741329,-0.6750450192531512,0.85,0.04509610825400299,0.2644429236650467,0.5960585882938825,0,0,0,0,0.6011615726128543,0.0,0.24242424242424243,0.7575757575757576,models\fulltext\k05_seed11.model
5,12,0.3505887509809078,-0.052899852925726035,-0.6328412717671537,0.8,0.06542447595079173,0.3279896542429924,0.593755394643954,0,0,0,0,0.6381867169049352,0.015151515151515152,0.18181818181818182,0.803030303030303,models\fulltext\k05_seed12.model
5,13,0.3390573140117233,-0.05782750348430761,-0.7155075767331666,0.84,0.06194592510381982,0.3662931278347969,0.5990887017547033,0,0,0,0,0.5509899877149083,0.06060606060606061,0.22727272727272727,0.7121212121212122,models\fulltext\k05_seed13.model
5,14,0.3631466548316119,-0.051635224024765655,-0.6313768495990665,0.83,0.05651116703748284,0.36468436419963834,0.591465853696328,0,0,0,0,0.6077515203910342,0.07575757575757576,0.15151515151515152,0.7727272727272727,models\fulltext\k05_seed14.model
5,15,0.35777161799345336,-0.048779587958752535,-0.7046985314998896,0.86,0.04541099804257699,0.3344570308923721,0.5991317578667377,0,0,0,0,0.6269809692645884,0.015151515151515152,0.16666666666666666,0.8181818181818182,models\fulltext\k05_seed15.model
5,16,0.33996377363855396,-0.06019478091972665,-0.6298217415975487,0.83,0.04781826360773729,0.33530967235565184,0.5902258160115468,0,0,0,0,0.7029976707802261,0.015151515151515152,0.09090909090909091,0.8939393939393939,models\fulltext\k05_seed16.model
5,17,0.3455765904681971,-0.04534295952683668,-0.7198946559443954,0.75,0.08026429079060657,0.3192643389105797,0.5789299028536388,0,0,0,0,0.6386364630812943,0.030303030303030304,0.16666666666666666,0.803030303030303,models\fulltext\k05_seed17.model
5,18,0.36721509553622844,-0.032938702914640655,-0.6478857804985828,0.8,0.05907526960158538,0.3519973114132881,0.5855096979321535,0,0,0,0,0.6767602997855592,0.030303030303030304,0.12121212121212122,0.8484848484848485,models\fulltext\k05_seed18.model
5,19,0.35726605701387026,-0.045016235203870734,-0.5735716203284882,0.81,0.061616272142587934,0.2988971695303917,0.5994932410563988,0,0,0,1,0.6708412284365984,0.0,0.13636363636363635,0.8636363636363636,models\fulltext\k05_seed19.model
6,0,0.42330683376922495,-0.015001997574587936,-0.590299768854903,0.8333333333333334,0.03861108071634388,0.3175066391626994,0.6218137716769933,0,0,0,0,0.5743874793726415,0.07575757575757576,0.19696969696969696,0.7272727272727273,models\fulltext\k06_seed00.model
6,1,0.3333513665967041,-0.07135633429138143,-0.9261746384233022,0.8333333333333334,0.04460168670694986,0.30789904793103534,0.6120147131859482,0,0,0,0,0.6232328745945228,0.015151515151515152,0.21212121212121213,0.7727272727272727,models\fulltext\k06_seed01.model
6,2,0.3829904585536073,-0.05536190891602814,-0.9135911789023151,0.8666666666666667,0.031886137149295044,0.2569255451361338,0.6188615567616902,0,0,0,0,0.6431759162208464,0.0,0.21212121212121213,0.7878787878787878,models\fulltext\k06_seed02.model
6,3,0.40377125370800515,-0.03860993386158893,-0.7581442806126336,0.8,0.047795771479982006,0.2782081087430318,0.614891592376688,0,0,0,0,0.6629012748864735,0.015151515151515152,0.15151515151515152,0.8333333333333334,models\fulltext\k06_seed03.model
6,4,0.3546256911037376,-0.0517294728148763,-0.7947431980281797,0.825,0.04391922286659129,0.25338152547677356,0.6230335891401371,0,0,0,0,0.5466299737413465,0.07575757575757576,0.19696969696969696,0.7272727272727273,models\fulltext\k06_seed04.model
6,5,0.3643209036515973,-0.0724919993677798,-0.9407787426126597,0.85,0.0402232191705876,0.26965418557326,0.6276707054923464,0,0,0,1,0.5605440856740064,0.030303030303030304,0.30303030303030304,0.6666666666666666,models\fulltext\k06_seed05.model
6,6,0.36580408278873494,-0.052738091426483696,-0.6924946565388371,0.8,0.057755963019120914,0.3853464961051941,0.6065956204867683,0,0,0,0,0.5730035081720057,0.045454545454545456,0.24242424242424243,0.7121212121212122,models\fulltext\k06_seed06.model
6,7,0.3951628251060875,-0.04149036935822097,-0.7547053636711393,0.8333333333333334,0.047727889833153,0.34247750242551167,0.6159114669401411,0,0,0,0,0.598490881619124,0.045454545454545456,0.18181818181818182,0.7727272727272727,models\fulltext\k06_seed07.model
6,8,0.38779778889404776,-0.03174412231411156,-0.6353592856588591,0.8,0.05171649382175698,0.32918503185113274,0.6092416810738885,0,0,0,0,0.5928260424774855,0.015151515151515152,0.21212121212121213,0.7727272727272727,models\fulltext\k06_seed08.model
6,9,0.36274656456389104,-0.047290149439924795,-0.644557810410968,0.8,0.05655362435548194,0.2696504811445872,0.6184782666750238,0,0,0,0,0.5585997847834236,0.015151515151515152,0.2727272727272727,0.7121212121212122,models\fulltext\k06_seed09.model
6,10,0.37759098879537284,-0.036169854580803164,-0.6794012940708077,0.8166666666666667,0.044511718195928716,0.2530574083328247,0.6175625847529436,0,0,0,0,0.5933111584409662,0.045454545454545456,0.22727272727272727,0.7272727272727273,models\fulltext\k06_seed10.model
6,11,0.38685171508576316,-0.043723127581966,-0.7203379222310393,0.7916666666666666,0.04619842514579356,0.25429479479789735,0.6196333232734808,0,0,1,1,0.5600819500030163,0.015151515151515152,0.2727272727272727,0.7121212121212122,models\fulltext\k06_seed11.model
6,12,0.35958708338344986,-0.06128127995184066,-0.7079916216380077,0.8166666666666667,0.04631108841635157,0.3090849796930949,0.6238499339513619,0,0,0,0,0.6736563164811356,0.030303030303030304,0.16666666666666666,0.803030303030303,models\fulltext\k06_seed12.model
6,13,0.3756949182568952,-0.038056177755193585,-0.6355127671571418,0.8,0.055412497517760666,0.3077011783917745,0.6237674909553798,0,0,0,0,0.5521644583948617,0.045454545454545456,0.25757575757575757,0.696969696969697,models\fulltext\k06_seed13.model
6,14,0.3438544916919852,-0.062070367385102694,-0.6669117217189605,0.7833333333333333,0.0601445022497654,0.32470912834008536,0.6141647593016498,0,0,0,0,0.6051988050841387,0.045454545454545456,0.22727272727272727,0.7272727272727273,models\fulltext\k06_seed14.model
6,15,0.381095225768424,-0.046723678978884665,-0.6592783141904389,0.8,0.05372752741173793,0.27781966974337896,0.6171440801002984,0,0,0,0,0.5580256715894448,0.030303030303030304,0.25757575757575757,0.7121212121212122,models\fulltext\k06_seed15.model
6,16,0.3394451172784661,-0.06309042966097467,-0.7156153290381998,0.7666666666666667,0.061834535518746035,0.30280538896719617,0.6078307714057744,0,0,0,0,0.6602442153924847,0.030303030303030304,0.12121212121212122,0.8484848484848485,models\fulltext\k06_seed16.model
6,17,0.3625590111065198,-0.047281970067544615,-0.6653462851140545,0.7666666666666667,0.06905471115997433,0.2784400333960851,0.6221472590547158,0,0,0,0,0.5443836884045402,0.06060606060606061,0.21212121212121213,0.7272727272727273,models\fulltext\k06_seed17.model
6,18,0.4375482803300251,-0.022321732904221635,-0.9171795820886396,0.8333333333333334,0.040840146103304005,0.33863695164521534,0.6073877005061922,0,0,0,0,0.65000216169651,0.06060606060606061,0.19696969696969696,0.7424242424242424,models\fulltext\k06_seed18.model
6,19,0.34959341968157714,-0.06250455251641723,-0.6939289881845067,0.7666666666666667,0.07334321018531545,0.2651049792766571,0.6177995014560356,0,0,1,2,0.6587619048930885,0.0,0.18181818181818182,0.8181818181818182,models\fulltext\k06_seed19.model
7,0,0.391347454402564,-0.03474800491706859,-0.6958460288818361,0.7857142857142857,0.047324363113836795,0.3120000582365763,0.629160727477158,0,0,0,0,0.6112399007982717,0.06060606060606061,0.19696969696969696,0.7424242424242424,models\fulltext\k07_seed00.model
7,1,0.3718826262642213,-0.05595230768972511,-0.7716080412153297,0.8214285714285714,0.03666708929866825,0.2824890876100177,0.6414472263234401,0,0,0,0,0.6181187010528116,0.015151515151515152,0.21212121212121213,0.7727272727272727,models\fulltext\k07_seed01.model
7,2,0.4142486901418761,-0.04123699241020395,-0.8697598495290945,0.8071428571428572,0.0411984467712022,0.2682304786784308,0.6345250975497868,0,0,0,1,0.62490135038862,0.030303030303030304,0.19696969696969696,0.7727272727272727,models\fulltext\k07_seed02.model
7,3,0.4191232237024183,-0.03454734012250027,-0.7082604434873226,0.7857142857142857,0.04355931987510936,0.26958246032396954,0.6329044446085005,0,0,0,1,0.6652525763863719,0.030303030303030304,0.15151515151515152,0.8181818181818182,models\fulltext\k07_seed03.model
7,4,0.41014633205856255,-0.04352867711517346,-0.8186838772989181,0.8071428571428572,0.042034598425575866,0.2510562163023722,0.6440739060364044,0,0,0,0,0.5339900331285924,0.10606060606060606,0.22727272727272727,0.6666666666666666,models\fulltext\k07_seed04.model
7,5,0.36511023695159484,-0.056837038839001486,-0.8281676991967987,0.8,0.048229114018587704,0.29649778207143146,0.6385797829917176,0,0,0,1,0.5896525669318455,0.045454545454545456,0.24242424242424243,0.7121212121212122,models\fulltext\k07_seed05.model
7,6,0.31294850288953463,-0.07393291626420065,-0.7572670542438181,0.7642857142857142,0.05990316516632305,0.3439572403828303,0.6164224113714953,0,0,0,0,0.586806959886279,0.09090909090909091,0.16666666666666666,0.7424242424242424,models\fulltext\k07_seed06.model
7,7,0.39950129089626163,-0.040258073404240924,-0.7352851070072919,0.7785714285714286,0.05102485365643259,0.3239713240237463,0.6311036107378687,0,0,0,0,0.573148804401309,0.07575757575757576,0.22727272727272727,0.696969696969697,models\fulltext\k07_seed07.model
7,8,0.39606421128980557,-0.035939000199091645,-0.6171555535531145,0.7928571428571428,0.04467336046283415,0.2814446347100394,0.638493351901691,0,0,0,2,0.5847576775644429,0.030303030303030304,0.24242424242424243,0.7272727272727273,models\fulltext\k07_seed08.model
7,9,0.3794730393872706,-0.04148031470383763,-0.6756356067364281,0.7714285714285715,0.05428151248584685,0.29401550335543497,0.6401412330698262,0,0,0,0,0.5843506212881259,0.07575757575757576,0.19696969696969696,0.7272727272727273,models\fulltext\k07_seed09.model
7,10,0.3524676531833091,-0.05466886239877382,-0.8046029496766953,0.7928571428571428,0.04161014687330476,0.2544323858760652,0.6349966368274176,0,0,0,0,0.5607502259174384,0.015151515151515152,0.2727272727272727,0.7121212121212122,models\fulltext\k07_seed10.model
7,11,0.3645125152324936,-0.05295563305593509,-0.8434275119715517,0.7785714285714286,0.05239536818484186,0.24975556489967166,0.6321291849403097,0,0,0,1,0.5379442082279308,0.030303030303030304,0.25757575757575757,0.7121212121212122,models\fulltext\k07_seed11.model
7,12,0.3775788131150391,-0.051641365020713,-0.8884139336611111,0.7785714285714286,0.04507045064320606,0.286251595332509,0.6432877347021322,0,0,0,1,0.6952052819964537,0.015151515151515152,0.10606060606060606,0.8787878787878788,models\fulltext\k07_seed12.model
7,13,0.38627860020875737,-0.04084528677693543,-0.6757915389978429,0.8071428571428572,0.03952130267919742,0.22478737362793513,0.6460736076163943,0,0,0,1,0.5361480721515942,0.045454545454545456,0.21212121212121213,0.7424242424242424,models\fulltext\k07_seed13.model
7,14,0.3757504932159675,-0.0505612104200683,-0.673567161019046,0.7928571428571428,0.046959625906994325,0.2536583127720015,0.6387101609704006,0,0,0,0,0.6210073335988647,0.045454545454545456,0.19696969696969696,0.7575757575757576,models\fulltext\k07_seed14.model
7,15,0.3839838026072292,-0.04080104853573918,-0.7005851045683392,0.7785714285714286,0.056413349646432354,0.2892534172251111,0.6318256737198047,0,0,0,0,0.5675538787879139,0.09090909090909091,0.21212121212121213,0.696969696969697,models\fulltext\k07_seed15.model
7,16,0.3742884333069821,-0.06103130536352554,-0.7732579864250911,0.8,0.042097621044989465,0.25966070202134905,0.632086528811499,0,0,0,0,0.6489253683075455,0.030303030303030304,0.10606060606060606,0.8636363636363636,models\fulltext\k07_seed16.model
7,17,0.348387986013284,-0.06271618894314894,-0.7167840812009244,0.7642857142857142,0.06188078324301233,0.28570397198200226,0.6332665115838305,0,0,0,0,0.5581968713091886,0.07575757575757576,0.19696969696969696,0.7272727272727273,models\fulltext\k07_seed17.model
7,18,0.3903948156311354,-0.04079218456245213,-0.8056803906822683,0.8,0.04561588772115087,0.2924622488873346,0.6331397712123505,0,0,0,0,0.6094957739370798,0.06060606060606061,0.21212121212121213,0.7272727272727273,models\fulltext\k07_seed18.model
7,19,0.4215948107873161,-0.03481527533705698,-0.784557103088377,0.7928571428571428,0.04974436553383922,0.22049053190719514,0.6518877916387497,0,1,2,2,0.5948710360513966,0.030303030303030304,0.22727272727272727,0.7424242424242424,models\fulltext\k07_seed19.model
8,0,0.36744666464598635,-0.049973966246354556,-0.7452846973412683,0.73125,0.05521464886789963,0.29795539618602823,0.6411160204719686,0,0,0,1,0.6149702255795064,0.045454545454545456,0.2878787878787879,0.6666666666666666,models\fulltext\k08_seed00.model
8,1,0.3855498066350318,-0.05570564095582629,-0.81299135241451,0.8,0.03750770104153563,0.2661140388143914,0.6591262384753307,0,0,0,2,0.5860679807130895,0.030303030303030304,0.25757575757575757,0.7121212121212122,models\fulltext\k08_seed01.model
8,2,0.38369552182979927,-0.062477350220685506,-0.9217102625653879,0.78125,0.043872303270799495,0.2544197001095329,0.6469060697758574,0,0,0,2,0.6162403702889027,0.045454545454545456,0.24242424242424243,0.7121212121212122,models\fulltext\k08_seed02.model
8,3,0.4194231562074528,-0.03570922802966618,-0.7967555225887515,0.75,0.04768678452888979,0.2886072077921459,0.6409907795335662,0,0,0,2,0.6317426626273338,0.045454545454545456,0.21212121212121213,0.7424242424242424,models\fulltext\k08_seed03.model
8,4,0.38827494884297864,-0.039910516317392,-0.8538157376434478,0.76875,0.04728783455010788,0.2678611765482596,0.6457772736062655,0,0,0,0,0.5675013229007769,0.07575757575757576,0.21212121212121213,0.7121212121212122,models\fulltext\k08_seed04.model
8,5,0.4058963863578666,-0.03051890143804127,-0.7399906995846215,0.7625,0.043353872301240715,0.26619455138487474,0.6618538370483732,0,0,1,1,0.5645211732156151,0.06060606060606061,0.2878787878787879,0.6515151515151515,models\fulltext\k08_seed05.model
8,6,0.381173265424889,-0.052217256204333026,-0.7703315693759261,0.725,0.05796283206721065,0.35916145890951157,0.6346356046166048,0,0,0,0,0.6135121467790475,0.07575757575757576,0.21212121212121213,0.7121212121212122,models\fulltext\k08_seed06.model
8,7,0.4223354283737757,-0.0325585600248519,-0.7251015342225241,0.775,0.05124218282113018,0.30960292156253544,0.6443931539892793,0,0,0,1,0.5930283022772721,0.030303030303030304,0.3181818181818182,0.6515151515151515,models\fulltext\k08_seed07.model
8,8,0.3999637210555432,-0.029312097383354385,-0.7529535811733588,0.775,0.0429473718947403,0.28009617381862234,0.6474465296787993,0,0,0,3,0.6426108155557786,0.045454545454545456,0.18181818181818182,0.7727272727272727,models\fulltext\k08_seed08.model
8,9,0.36811500172226164,-0.05068430459834822,-0.7745243055576434,0.7875,0.04312111830908822,0.2717784033822162,0.6513763164297858,0,0,0,1,0.5663542050577124,0.06060606060606061,0.2727272727272727,0.6666666666666666,models\fulltext\k08_seed09.model
8,10,0.4079558720443709,-0.033634934879686496,-0.8796014426661852,0.775,0.042538424117371486,0.23447143525949546,0.6557079437528363,0,0,1,3,0.5931528880348582,0.045454545454545456,0.24242424242424243,0.7121212121212122,models\fulltext\k08_seed10.model
8,11,0.4031748465362718,-0.03838856951559326,-0.7771764207622226,0.74375,0.05149047254310411,0.23716956696340016,0.6482104720723688,0,0,0,3,0.5870940323324331,0.030303030303030304,0.2878787878787879,0.6818181818181818,models\fulltext\k08_seed11.model
8,12,0.37988561222250283,-0.054000247331044214,-0.8079405805080561,0.75625,0.04413717195672082,0.2881978563964367,0.6495929740821399,0,0,0,1,0.6418014311981427,0.015151515151515152,0.21212121212121213,0.7727272727272727,models\fulltext\k08_seed12.model
8,13,0.3802259565521772,-0.04281471805910862,-0.8006492810245427,0.76875,0.04096736991473833,0.241656271474702,0.6522852260057205,0,0,0,0,0.5428917886692806,0.07575757575757576,0.25757575757575757,0.6666666666666666,models\fulltext\k08_seed13.model
8,14,0.4085902974115372,-0.038634444314040645,-0.6915197661582255,0.76875,0.04489660692668211,0.24065283419830458,0.6566004280063311,0,0,0,1,0.6040499995348331,0.07575757575757576,0.18181818181818182,0.7424242424242424,models\fulltext\k08_seed14.model
8,15,0.407415715195471,-0.035840517522801166,-0.7475158109432236,0.775,0.048146624882582416,0.25678737461566925,0.6515422168375661,0,0,0,0,0.5529242727241057,0.07575757575757576,0.2878787878787879,0.6363636363636364,models\fulltext\k08_seed15.model
8,16,0.4216638159174174,-0.04393456081310112,-0.8231293600622979,0.79375,0.03992445721769029,0.24651679370020116,0.6466229757826455,0,0,0,0,0.6558162478297549,0.045454545454545456,0.10606060606060606,0.8484848484848485,models\fulltext\k08_seed16.model
8,17,0.35914650809711096,-0.0730486503828719,-0.8779837123920462,0.76875,0.056820795210888085,0.2833418431026595,0.6417097990863763,0,0,0,0,0.5661856569679526,0.13636363636363635,0.18181818181818182,0.6818181818181818,models\fulltext\k08_seed17.model
8,18,0.37598527002864074,-0.044735430233737536,-0.8035798686602551,0.74375,0.05207411410418929,0.2855938867266689,0.6439984496127821,0,0,0,3,0.629473967861555,0.07575757575757576,0.13636363636363635,0.7878787878787878,models\fulltext\k08_seed18.model
8,19,0.4494745116983505,-0.020577432760138528,-0.7668888272049464,0.7875,0.041754920044393726,0.2201202040804284,0.6696794389198983,0,1,2,3,0.5630649468535425,0.07575757575757576,0.25757575757575757,0.6666666666666666,models\fulltext\k08_seed19.model
9,0,0.3859263462960124,-0.04932921423453188,-0.7453128473507755,0.7333333333333333,0.04872146951610315,0.2861726112249825,0.6522042052518212,0,0,0,0,0.6259166655375504,0.07575757575757576,0.24242424242424243,0.6818181818181818,models\fulltext\k09_seed00.model
9,1,0.37393037317401895,-0.06994471264150919,-0.9350036359041236,0.7666666666666667,0.0394804868489079,0.26824683840903973,0.6688278022928232,0,0,0,2,0.5776625313220861,0.09090909090909091,0.18181818181818182,0.7272727272727273,models\fulltext\k09_seed01.model
9,2,0.38443345518572253,-0.04882276274120942,-0.9034413698431973,0.7333333333333333,0.046933621495025,0.27268706924385494,0.6543726527729591,0,0,0,2,0.6161603151167996,0.06060606060606061,0.22727272727272727,0.7121212121212122,models\fulltext\k09_seed02.model
9,3,0.4164531308529677,-0.03908485652139486,-0.8207137611809656,0.7388888888888889,0.046345422830991585,0.28086748470862705,0.6512751314738295,0,0,0,1,0.6176225037647232,0.06060606060606061,0.15151515151515152,0.7878787878787878,models\fulltext\k09_seed03.model
9,4,0.35698028757620315,-0.05678391745942186,-0.7802231418635406,0.75,0.047191012103292795,0.2727918399290906,0.6590896122795198,0,0,0,1,0.616505853170276,0.07575757575757576,0.18181818181818182,0.7424242424242424,models\fulltext\k09_seed04.model
9,5,0.3679732974409215,-0.05666273820805426,-0.8864994327037341,0.75,0.04612922156781805,0.2646518357925945,0.6648894003800161,0,0,1,2,0.596074154951249,0.07575757575757576,0.22727272727272727,0.696969696969697,models\fulltext\k09_seed05.model
9,6,0.365513196700347,-0.061122798093009384,-0.8469654282947405,0.7722222222222223,0.03915256108238563,0.2718779626819823,0.6584883515766193,0,0,0,2,0.6355131289834995,0.045454545454545456,0.16666666666666666,0.7878787878787878,models\fulltext\k09_seed06.model
9,7,0.4082957093628177,-0.03612975333556454,-0.7524394874065786,0.7722222222222223,0.044092008746291496,0.29418110971649486,0.659251265369472,0,0,0,2,0.5668724613916917,0.12121212121212122,0.22727272727272727,0.6515151515151515,models\fulltext\k09_seed07.model
9,8,0.363266398172228,-0.05773159425039579,-0.8475797926028291,0.7222222222222222,0.05320937751278308,0.2993764260576831,0.6540521923187604,0,0,0,2,0.659982275523665,0.06060606060606061,0.18181818181818182,0.7575757575757576,models\fulltext\k09_seed08.model
9,9,0.40435344557111136,-0.04239838669482887,-0.6886653251471441,0.7722222222222223,0.04039339127058425,0.2541884831670258,0.6665047761072626,0,0,0,2,0.5515676565706792,0.10606060606060606,0.25757575757575757,0.6363636363636364,models\fulltext\k09_seed09.model
9,10,0.4021900891110276,-0.042249882047589275,-0.8710922851188586,0.7833333333333333,0.03612389990098968,0.22447861668964228,0.6681892830053393,0,0,1,4,0.5973703554188405,0.045454545454545456,0.19696969696969696,0.7575757575757576,models\fulltext\k09_seed10.model
9,11,0.39478794690843527,-0.045640327351194304,-0.8361818524658484,0.7444444444444445,0.04895521123591298,0.2410479009979301,0.6611519845207884,0,0,1,4,0.5864101359807964,0.045454545454545456,0.24242424242424243,0.7121212121212122,models\fulltext\k09_seed11.model
9,12,0.4160180027667061,-0.03956773575729159,-0.92881771633711,0.7666666666666667,0.03786812532942563,0.26778040350311333,0.6674540061480018,0,0,0,1,0.6192886114276779,0.0,0.2878787878787879,0.7121212121212122,models\fulltext\k09_seed12.model
9,13,0.3656083077633193,-0.05342737509779389,-0.8953069808306419,0.7666666666666667,0.038318393581551466,0.23481699265539646,0.6670320962229761,0,0,0,2,0.5643444973042637,0.030303030303030304,0.24242424242424243,0.7272727272727273,models\fulltext\k09_seed13.model
9,14,0.39490556364720136,-0.04976430093797829,-0.7295850045995965,0.7666666666666667,0.04174176955394705,0.2425479061073727,0.6646431918740568,0,0,0,4,0.6118369672761522,0.07575757575757576,0.16666666666666666,0.7575757575757576,models\fulltext\k09_seed14.model
9,15,0.437244439024994,-0.02363183711707228,-0.7574276980221211,0.7666666666666667,0.045753690490532586,0.25383825165530044,0.6653502854136502,0,0,0,1,0.5629338988401149,0.10606060606060606,0.25757575757575757,0.6363636363636364,models\fulltext\k09_seed15.model
9,16,0.4349723460235781,-0.03131740520856571,-0.7860139166751853,0.7388888888888889,0.04628220856291031,0.21615230354170004,0.6691117465304074,0,0,0,1,0.6135986172225234,0.07575757575757576,0.13636363636363635,0.7878787878787878,models\fulltext\k09_seed16.model
9,17,0.3711188159022983,-0.05772041392933269,-0.9289802277819249,0.75,0.04708989770909275,0.2721667966494958,0.6519236124796397,0,0,0,1,0.6128781359846085,0.09090909090909091,0.21212121212121213,0.696969696969697,models\fulltext\k09_seed17.model
9,18,0.40506686444281115,-0.043253894492952694,-0.8495071663788654,0.75,0.042391630110928356,0.2468749632438024,0.6731000411222712,0,0,0,4,0.6111354750421676,0.07575757575757576,0.21212121212121213,0.7121212121212122,models\fulltext\k09_seed18.model
9,19,0.44596798597161036,-0.02389942801534765,-0.7899025862686593,0.7611111111111111,0.039997645260803155,0.2069824164112409,0.6959160226752543,0,0,2,3,0.5707462233513345,0.07575757575757576,0.19696969696969696,0.7272727272727273,models\fulltext\k09_seed19.model
10,0,0.39323487338766655,-0.050440797236619504,-0.8733046950226742,0.72,0.04736481908824531,0.2614375078015857,0.6720744061285803,0,0,0,1,0.6064775836742945,0.10606060606060606,0.18181818181818182,0.7121212121212122,models\fulltext\k10_seed00.model
10,1,0.37091719122678374,-0.06763284507427407,-0.9234739451433487,0.745,0.042470579312684574,0.2643983718421724,0.6791699741986786,0,0,0,4,0.5801685035187278,0.10606060606060606,0.15151515151515152,0.7424242424242424,models\fulltext\k10_seed01.model
10,2,0.39310791205303347,-0.05158472135117331,-0.9350613039898914,0.75,0.04441719529438827,0.26254071427716147,0.6681756325211817,0,0,0,2,0.6258522161995532,0.030303030303030304,0.2727272727272727,0.696969696969697,models\fulltext\k10_seed02.model
10,3,0.4000447714158046,-0.04225229994251928,-0.9322319978526528,0.73,0.042587189078417145,0.25492801732487147,0.666675600426055,0,0,0,3,0.5964858382807313,0.07575757575757576,0.21212121212121213,0.7121212121212122,models\fulltext\k10_seed03.model
10,4,0.3624040711659518,-0.06040638606889692,-0.8435385485322702,0.745,0.04107678142765861,0.26381710602177516,0.6724013291989888,0,0,0,3,0.5949274789357636,0.06060606060606061,0.21212121212121213,0.7272727272727273,models\fulltext\k10_seed04.model
10,5,0.3889878085587849,-0.04799661904854267,-0.8381080776017915,0.735,0.04521677746651947,0.25137753089269005,0.6788772664887222,0,1,1,2,0.5720439332510041,0.09090909090909091,0.18181818181818182,0.7272727272727273,models\fulltext\k10_seed05.model
10,6,0.38602472522751413,-0.044445092239088275,-0.8925856234547569,0.735,0.047507966806212415,0.26000258525212605,0.680973254006194,0,0,1,3,0.6430964831244748,0.09090909090909091,0.13636363636363635,0.7727272727272727,models\fulltext\k10_seed06.model
10,7,0.389362157406722,-0.041178212213174845,-0.721643108459372,0.73,0.051019759791689615,0.30874308546384177,0.6610872716546473,0,0,0,3,0.5961816340945365,0.09090909090909091,0.19696969696969696,0.7121212121212122,models\fulltext\k10_seed07.model
10,8,0.3817442701959835,-0.05027333021680015,-0.8360258530969679,0.72,0.0493803230645336,0.28220597174432543,0.6625659070952132,0,0,0,2,0.6834809305206694,0.015151515151515152,0.16666666666666666,0.8181818181818182,models\fulltext\k10_seed08.model
10,9,0.37478594436055845,-0.06264382845258294,-0.8996740600754005,0.74,0.04228979316698614,0.24486239502827326,0.6801049871257319,0,0,0,2,0.536806772807984,0.09090909090909091,0.25757575757575757,0.6515151515151515,models\fulltext\k10_seed09.model
10,10,0.41482582601010487,-0.03976495814478691,-0.9634206521125535,0.765,0.03498513653312414,0.21368821875916588,0.6849057839121313,0,0,0,4,0.5904298753684171,0.045454545454545456,0.30303030303030304,0.6515151515151515,models\fulltext\k10_seed10.model
10,11,0.37201089594360115,-0.05010635581591645,-0.8168549292989147,0.75,0.04184736114560675,0.23808889355924395,0.6724833835249272,0,0,1,5,0.5745605870651933,0.07575757575757576,0.22727272727272727,0.696969696969697,models\fulltext\k10_seed11.model
10,12,0.41112723172940707,-0.042846614411357974,-0.977404665086353,0.745,0.039746057083518374,0.2713098929988013,0.6728568211306128,0,0,0,5,0.6467971472210952,0.030303030303030304,0.21212121212121213,0.7575757575757576,models\fulltext\k10_seed12.model
10,13,0.3935647405355277,-0.042376382143560716,-0.8642463747430733,0.745,0.03880101423961073,0.225018766687976,0.6788022602758452,0,0,1,5,0.5942005880543327,0.015151515151515152,0.22727272727272727,0.7575757575757576,models\fulltext\k10_seed13.model
10,14,0.41651854269365335,-0.04085064341758019,-0.8200574390495101,0.725,0.04420662227679771,0.23049467189444436,0.6822948683664853,0,0,0,3,0.6018770232520348,0.030303030303030304,0.25757575757575757,0.7121212121212122,models\fulltext\k10_seed14.model
10,15,0.40549912289450785,-0.04165022997861202,-0.8631902346303804,0.73,0.04900937862754167,0.2573358586264981,0.6838369467801518,0,0,0,3,0.5695530554458221,0.09090909090909091,0.21212121212121213,0.696969696969697,models\fulltext\k10_seed15.model
10,16,0.43905031696423846,-0.04534568202188648,-0.7375419792032896,0.74,0.041603315287525804,0.2276199812690417,0.6763659399054199,0,0,0,2,0.6350507288733421,0.015151515151515152,0.13636363636363635,0.8484848484848485,models\fulltext\k10_seed16.model
10,17,0.3719172201119635,-0.059384712106456,-0.9862947294511342,0.745,0.045478915447955695,0.27535217652718225,0.6602122574035021,0,0,0,2,0.6072878067578847,0.06060606060606061,0.21212121212121213,0.7272727272727273,models\fulltext\k10_seed17.model
10,18,0.42248330180628557,-0.03129982456794382,-0.837152697711425,0.75,0.03837233310917521,0.19132006764411927,0.6948943743421345,0,1,2,4,0.5910095292223918,0.06060606060606061,0.22727272727272727,0.7121212121212122,models\fulltext\k10_seed18.model
10,19,0.41886756936494296,-0.04203843380450546,-0.8305778219813863,0.74,0.045622498254077194,0.22745632968015142,0.6863513741734959,0,2,2,5,0.5755463137227734,0.06060606060606061,0.21212121212121213,0.7272727272727273,models\fulltext\k10_seed19.model
11,0,0.41616729653216383,-0.036447197822087725,-0.7638798163184066,0.7136363636363636,0.04104443609087571,0.24451025873422622,0.6874861511401441,0,0,0,3,0.5906686565614302,0.10606060606060606,0.16666666666666666,0.7272727272727273,models\fulltext\k11_seed00.model
11,1,0.4098304802597044,-0.040790123113907874,-0.8304456345974109,0.7363636363636363,0.0416233735119184,0.252903545580127,0.6877626918640294,0,0,1,4,0.6076314448859138,0.045454545454545456,0.19696969696969696,0.7575757575757576,models\fulltext\k11_seed01.model
11,2,0.42193089918273086,-0.04726287563602631,-0.9003250971305554,0.7363636363636363,0.04040669861103298,0.23721537562933834,0.6802500275415543,0,0,2,3,0.6121502755184504,0.030303030303030304,0.25757575757575757,0.7121212121212122,models\fulltext\k11_seed02.model
11,3,0.3995984059152125,-0.04911645508723343,-0.9334882499932032,0.7090909090909091,0.039897679626032766,0.2404531485655091,0.6744791856607751,0,0,1,2,0.6107576711498923,0.045454545454545456,0.19696969696969696,0.7575757575757576,models\fulltext\k11_seed03.model
11,4,0.3429923928490175,-0.07142632261928651,-0.8928235999495573,0.7318181818181818,0.03971148738950596,0.27444080981341273,0.6776954913718264,0,0,1,4,0.5920242734399092,0.06060606060606061,0.21212121212121213,0.7272727272727273,models\fulltext\k11_seed04.model
11,5,0.4108512054659172,-0.03928069492360948,-0.8680213457694195,0.7363636363636363,0.04329784887060429,0.24244553243572062,0.6902410665699007,0,1,1,4,0.5728215524221455,0.09090909090909091,0.19696969696969696,0.7121212121212122,models\fulltext\k11_seed05.model
11,6,0.37761196343909026,-0.056041521095592864,-1.0013970948544733,0.7272727272727273,0.04590582485319327,0.251291292228482,0.6968210171284352,0,0,1,6,0.6514967756187423,0.06060606060606061,0.16666666666666666,0.7727272727272727,models\fulltext\k11_seed06.model
11,7,0.40884679519632205,-0.03253721056294904,-0.7370395180641798,0.7090909090909091,0.052499656158535975,0.286796780472452,0.6707288264463039,0,0,0,4,0.6062163935982674,0.10606060606060606,0.16666666666666666,0.7272727272727273,models\fulltext\k11_seed07.model
11,8,0.4018451098421096,-0.04792086061768213,-0.895683384955868,0.7272727272727273,0.04203787361682098,0.25147779231721706,0.6777411323755509,0,0,1,3,0.6583941220572094,0.015151515151515152,0.16666666666666666,0.8181818181818182,models\fulltext\k11_seed08.model
11,9,0.3915878791433688,-0.05272818179013847,-0.9043353534032313,0.7227272727272728,0.04402734929050719,0.23369167270985516,0.6955971621982109,0,0,1,4,0.5520931979768151,0.06060606060606061,0.2878787878787879,0.6515151515151515,models\fulltext\k11_seed09.model
11,10,0.3914308668951938,-0.04765998637707554,-1.0124345923887672,0.7545454545454545,0.036381831428271054,0.2011213332414627,0.6990825540207175,0,0,1,5,0.5765228597214942,0.045454545454545456,0.2727272727272727,0.6818181818181818,models\fulltext\k11_seed10.model
11,11,0.395556073777537,-0.04374883108097887,-0.8528927478108375,0.7272727272727273,0.040258182673043354,0.21269940503618934,0.6880558498135393,0,0,2,6,0.5836296196244306,0.06060606060606061,0.2727272727272727,0.6666666666666666,models\fulltext\k11_seed11.model
11,12,0.4111967333717597,-0.04308206305424845,-0.8961291467411013,0.7318181818181818,0.037363432409872034,0.2712665235454386,0.675074569612524,0,0,0,6,0.6638953748249123,0.0,0.21212121212121213,0.7878787878787878,models\fulltext\k11_seed12.model
11,13,0.3594724981215381,-0.05996718899448062,-0.8889421928754732,0.7363636363636363,0.035968614915983334,0.21326321295716547,0.6880860757662238,0,0,0,5,0.603207046388048,0.0,0.24242424242424243,0.7575757575757576,models\fulltext\k11_seed13.model
11,14,0.4151900174487191,-0.03616091734445847,-0.8631906258532932,0.75,0.036177288808867746,0.21648571667346087,0.6952054512390199,0,0,0,4,0.5959693156646195,0.045454545454545456,0.22727272727272727,0.7272727272727273,models\fulltext\k11_seed14.model
11,15,0.38600999892432936,-0.05572972238919977,-0.9307354675848547,0.7181818181818181,0.04810824315468278,0.26550642969933425,0.6847980147558025,0,0,1,4,0.6098707886032957,0.045454545454545456,0.24242424242424243,0.7121212121212122,models\fulltext\k11_seed15.model
11,16,0.41591318849602127,-0.053007268183636456,-0.7541971700746969,0.7090909090909091,0.047462926719892676,0.23011294616894287,0.6856042646708472,0,0,0,4,0.6330854801030359,0.030303030303030304,0.15151515151515152,0.8181818181818182,models\fulltext\k11_seed16.model
11,17,0.4061819332073439,-0.055748206207097084,-1.0076531393845902,0.7454545454545455,0.03480988744146638,0.23749652057886123,0.677370289994526,0,0,0,4,0.5964604722283763,0.07575757575757576,0.18181818181818182,0.7424242424242424,models\fulltext\k11_seed17.model
11,18,0.4303809001812669,-0.025822870773133645,-0.8150793687945519,0.7227272727272728,0.0424985879531334,0.19956054802645337,0.6999545063118136,0,1,2,5,0.5994505265552879,0.045454545454545456,0.22727272727272727,0.7272727272727273,models\fulltext\k11_seed18.model
11,19,0.4285144125488248,-0.035229217344769366,-0.781139042022128,0.7454545454545455,0.04317496949075897,0.22407282231883568,0.6994439742398647,0,2,3,5,0.5461801237324835,0.12121212121212122,0.21212121212121213,0.6666666666666666,models\fulltext\k11_seed19.model
12,0,0.42309071637041024,-0.03608494736843429,-0.7555600209280998,0.6833333333333333,0.044544860334334024,0.2344613696138064,0.6976362369338869,0,0,0,6,0.608887763699427,0.15151515151515152,0.13636363636363635,0.7121212121212122,models\fulltext\k12_seed00.model
12,1,0.4280961346724645,-0.03645219867304723,-0.7498030844402508,0.7166666666666667,0.044480443861248824,0.25352211465889757,0.6961014795102223,0,1,1,5,0.6055951984717742,0.045454545454545456,0.25757575757575757,0.696969696969697,models\fulltext\k12_seed01.model
12,2,0.4254769887992773,-0.03847615498994076,-0.873082802603777,0.7166666666666667,0.04050230366019839,0.23705897773757126,0.6925367529818107,0,0,2,5,0.6181314591423843,0.06060606060606061,0.24242424242424243,0.696969696969697,models\fulltext\k12_seed02.model
12,3,0.4099695077763004,-0.04819188298643501,-0.9284107716131614,0.7125,0.03908467724257198,0.24451790151722502,0.6817649630897465,0,1,1,1,0.6304063859605996,0.045454545454545456,0.15151515151515152,0.803030303030303,models\fulltext\k12_seed03.model
12,4,0.3587199488752291,-0.06361028559422235,-0.86584766725233,0.7083333333333334,0.04503165493877568,0.26725138689983974,0.693336443539917,0,0,1,7,0.5814173622522476,0.10606060606060606,0.19696969696969696,0.696969696969697,models\fulltext\k12_seed04.model
12,5,0.41449792873995633,-0.04182227820373705,-0.8288586805452406,0.7291666666666666,0.03978531012023835,0.22968945053942275,0.7036092984929952,0,2,2,5,0.5662914133484568,0.09090909090909091,0.19696969696969696,0.7121212121212122,models\fulltext\k12_seed05.model
12,6,0.4116924108801161,-0.04338067380494081,-0.9428196329694489,0.7416666666666667,0.0398020398020398,0.21636329060702614,0.711241744174669,0,1,3,8,0.6260516268428573,0.015151515151515152,0.25757575757575757,0.7272727272727273,models\fulltext\k12_seed06.model
12,7,0.4230822656573808,-0.03307187512805398,-0.8785057411511322,0.7291666666666666,0.04008264534580324,0.2544309508168336,0.684799084379874,0,0,0,5,0.5763487316038264,0.10606060606060606,0.24242424242424243,0.6515151515151515,models\fulltext\k12_seed07.model
12,8,0.3922344547535628,-0.06109746401574029,-0.9497430585978108,0.725,0.04052840894946158,0.2479131157425317,0.6903904376058613,0,0,1,5,0.6587358402285356,0.015151515151515152,0.16666666666666666,0.8181818181818182,models\fulltext\k12_seed08.model
12,9,0.4179102102610273,-0.046338754892506856,-0.8801324150173847,0.7458333333333333,0.03454908718066613,0.21534076716863748,0.7177426164989003,0,0,5,7,0.5417700777481073,0.045454545454545456,0.3181818181818182,0.6363636363636364,models\fulltext\k12_seed09.model
12,10,0.3804515161901025,-0.055717302499850775,-1.0269036279867267,0.7416666666666667,0.034675144582265324,0.2029375114449949,0.7092689221290087,0,0,1,7,0.5805441151061325,0.045454545454545456,0.25757575757575757,0.696969696969697,models\fulltext\k12_seed10.model
12,11,0.38563131291371744,-0.044995918294169567,-0.9232651268470612,0.7083333333333334,0.04073530389319863,0.2050679244778373,0.7010414566325265,0,0,0,7,0.5957612172171249,0.06060606060606061,0.25757575757575757,0.6818181818181818,models\fulltext\k12_seed11.model
12,12,0.4243767108187833,-0.03523816902822909,-0.8678922368853743,0.7125,0.039470649377770124,0.263540586851763,0.6889504005133531,0,0,0,6,0.6827830966646175,0.015151515151515152,0.15151515151515152,0.8333333333333334,models\fulltext\k12_seed12.model
12,13,0.3733933054648144,-0.05691982861829856,-0.8912121713567198,0.7208333333333333,0.03610164136479926,0.21868587228836436,0.6928033977694527,0,0,1,7,0.6402694787922166,0.015151515151515152,0.15151515151515152,0.8333333333333334,models\fulltext\k12_seed13.model
12,14,0.41421891047776443,-0.03835901089800928,-0.9390840477758532,0.7375,0.034794850584324265,0.2139751502510273,0.7053988163803275,0,1,1,6,0.6144277851872588,0.12121212121212122,0.13636363636363635,0.7424242424242424,models\fulltext\k12_seed14.model
12,15,0.3839681793262508,-0.05683331944745715,-0.9561848871398574,0.7041666666666667,0.04917484793645785,0.25558321240047616,0.6933943309026251,0,0,1,5,0.603038242258828,0.07575757575757576,0.19696969696969696,0.7272727272727273,models\fulltext\k12_seed15.model
12,16,0.40608805992801306,-0.054376847898279256,-0.7562830673259361,0.7083333333333334,0.046085634320928444,0.22936687223387486,0.6958859155235747,0,0,0,6,0.6269631811474166,0.06060606060606061,0.19696969696969696,0.7424242424242424,models\fulltext\k12_seed16.model
12,17,0.4216782836636023,-0.04199754474371517,-0.9654065419997675,0.7416666666666667,0.036573194467931315,0.24275614795359698,0.6893728198326246,0,0,1,4,0.59829066914183,0.07575757575757576,0.19696969696969696,0.7272727272727273,models\fulltext\k12_seed17.model
12,18,0.4299125536106761,-0.024936705106268026,-0.8794028986375652,0.7166666666666667,0.03881446644604539,0.19192394896438628,0.7057211823643817,0,1,3,7,0.6154570774490573,0.0,0.2727272727272727,0.7272727272727273,models\fulltext\k12_seed18.model
12,19,0.4552597209607461,-0.024668498614951156,-0.8055171979742609,0.6916666666666667,0.04685816089324861,0.21403291595704627,0.6898570463711848,1,2,5,5,0.5789067245522016,0.10606060606060606,0.16666666666666666,0.7272727272727273,models\fulltext\k12_seed19.model
13,0,0.4213261929039716,-0.04026185818879795,-0.8418604915351865,0.6923076923076923,0.03802218377117163,0.22100883034559396,0.7088649405404834,0,0,1,7,0.6006263649251885,0.09090909090909091,0.22727272727272727,0.6818181818181818,models\fulltext\k13_seed00.model
13,1,0.4167162348738182,-0.052203363116592225,-0.8173132771422058,0.7076923076923077,0.038088544042342555,0.23227245594637516,0.7044258415491705,0,1,3,8,0.5730054966567436,0.07575757575757576,0.24242424242424243,0.6818181818181818,models\fulltext\k13_seed01.model
13,2,0.435454941852993,-0.031109600441737637,-0.9266883194123878,0.7115384615384616,0.039366768111707376,0.23014171469287995,0.7009932162527697,0,0,3,6,0.6068822712138282,0.045454545454545456,0.22727272727272727,0.7272727272727273,models\fulltext\k13_seed02.model
13,3,0.40994829175517566,-0.04044031845187275,-0.9436441647967834,0.7115384615384616,0.03760376584263224,0.24104852582781744,0.6881454830769683,0,1,1,6,0.6601828576080372,0.06060606060606061,0.13636363636363635,0.803030303030303,models\fulltext\k13_seed03.model
13,4,0.3707907701609623,-0.05528082123967804,-0.9340344785088533,0.7076923076923077,0.04085475733487164,0.258918772236659,0.7038766690070609,0,0,2,7,0.6059769588261836,0.12121212121212122,0.21212121212121213,0.6666666666666666,models\fulltext\k13_seed04.model
13,5,0.4185987748951924,-0.04126948935991322,-0.8807313686268241,0.7192307692307692,0.04132087937755954,0.21548648197681475,0.7101047352061625,0,2,3,6,0.5764865699581302,0.09090909090909091,0.19696969696969696,0.7121212121212122,models\fulltext\k13_seed05.model
13,6,0.4437805573032131,-0.03203026020619186,-0.9751620865888905,0.7461538461538462,0.03678873516930197,0.20503506026206872,0.7201855101542272,0,1,4,8,0.6332873318913588,0.015151515151515152,0.25757575757575757,0.7272727272727273,models\fulltext\k13_seed06.model
13,7,0.4444158530615481,-0.024402972056729165,-0.8568504277415957,0.7115384615384616,0.03647376521870449,0.21400818104545274,0.7052076732482488,0,0,1,6,0.5589304265208326,0.12121212121212122,0.25757575757575757,0.6212121212121212,models\fulltext\k13_seed07.model
13,8,0.38916635088282986,-0.0550745224851812,-0.906663437483849,0.7,0.04148202123910626,0.2502193736533324,0.6897137442069339,0,0,1,7,0.6758692130835119,0.045454545454545456,0.16666666666666666,0.7878787878787878,models\fulltext\k13_seed08.model
13,9,0.4223450030331514,-0.04152513575840469,-0.8740445868312258,0.7,0.03988853381565933,0.20686620239837047,0.7204144736578731,0,2,5,9,0.5631017561150712,0.06060606060606061,0.2727272727272727,0.6666666666666666,models\fulltext\k13_seed09.model
13,10,0.4108400742370032,-0.042839977282065074,-0.9199431995315991,0.6923076923076923,0.0420652523534162,0.20533880806313112,0.719085813277411,0,1,3,8,0.58241285889667,0.045454545454545456,0.25757575757575757,0.696969696969697,models\fulltext\k13_seed10.model
13,11,0.4499397523923171,-0.01751050321639663,-0.8030446714686086,0.6923076923076923,0.04161075201799184,0.19452782854055747,0.7184866767828851,0,1,3,9,0.6203441218175695,0.045454545454545456,0.3181818181818182,0.6363636363636364,models\fulltext\k13_seed11.model
13,12,0.4039900263653721,-0.04732207923833468,-0.8705078185819585,0.6961538461538461,0.041859566031988045,0.2649108385428404,0.7004287525183802,0,0,1,7,0.6800597589441498,0.06060606060606061,0.10606060606060606,0.8333333333333334,models\fulltext\k13_seed12.model
13,13,0.36951717822230895,-0.05474520173208929,-0.8866840926752146,0.7,0.03697391337305603,0.21013789299206856,0.7009169165856753,0,0,1,9,0.6471666924866247,0.0,0.18181818181818182,0.8181818181818182,models\fulltext\k13_seed13.model
13,14,0.38953428259084544,-0.0530599898411117,-0.9767546878579352,0.7269230769230769,0.03420535809199777,0.20787120963900518,0.7077273607147297,0,1,2,8,0.632050767140754,0.09090909090909091,0.12121212121212122,0.7878787878787878,models\fulltext\k13_seed14.model
13,15,0.39709414822612155,-0.05024059307773869,-0.8550588364327321,0.6961538461538461,0.044198295210440955,0.2362192500478182,0.7016197970155207,0,0,2,5,0.6143614994077573,0.07575757575757576,0.18181818181818182,0.7424242424242424,models\fulltext\k13_seed15.model
13,16,0.4009361974325924,-0.0480608005256662,-0.802653047836781,0.6923076923076923,0.042723530577781596,0.21890783042479783,0.7075867593413899,0,1,1,6,0.6354378045321855,0.06060606060606061,0.19696969696969696,0.7424242424242424,models\fulltext\k13_seed16.model
13,17,0.40228688116194367,-0.04702716504761622,-1.0518291108374678,0.7192307692307692,0.036051934837359946,0.22096393114099136,0.700134412134324,0,0,0,6,0.5929732434933062,0.07575757575757576,0.16666666666666666,0.7575757575757576,models\fulltext\k13_seed17.model
13,18,0.45237611623526425,-0.015782841028363328,-0.8621077896127883,0.7038461538461539,0.03691762345608499,0.18122984373416656,0.7176244191450417,0,2,4,8,0.6337737488471854,0.0,0.25757575757575757,0.7424242424242424,models\fulltext\k13_seed18.model
13,19,0.48681946463458625,-0.01698225233036517,-0.8460832649463637,0.7076923076923077,0.040541123941933654,0.20415132430692515,0.6996182797456744,1,3,5,6,0.5905457555583477,0.10606060606060606,0.16666666666666666,0.7272727272727273,models\fulltext\k13_seed19.model
14,0,0.4142202602936025,-0.04451643782554807,-0.9151141444340253,0.6821428571428572,0.039663004960865,0.22242554592398497,0.7130218176071759,0,0,1,8,0.5994544133053833,0.12121212121212122,0.16666666666666666,0.7121212121212122,models\fulltext\k14_seed00.model
14,1,0.4058539234201059,-0.05484682910874796,-0.8487599965672308,0.6964285714285714,0.037383559650766125,0.2329465476693688,0.7114948991768311,0,1,3,9,0.5840391007712545,0.10606060606060606,0.21212121212121213,0.6818181818181818,models\fulltext\k14_seed01.model
14,2,0.4685610020845729,-0.015714955270715956,-0.8306254657360722,0.7142857142857143,0.036934843181228375,0.22786891435856346,0.7061651208199992,0,0,3,10,0.6127506720044259,0.06060606060606061,0.21212121212121213,0.7272727272727273,models\fulltext\k14_seed02.model
14,3,0.42807434885062967,-0.03596449548295007,-0.8850211130503228,0.7,0.039150068213110435,0.22876701405742667,0.7025370451218623,0,1,2,8,0.6443350323500757,0.07575757575757576,0.13636363636363635,0.7878787878787878,models\fulltext\k14_seed03.model
14,4,0.3986125376188316,-0.04559718501384556,-0.8275721577201132,0.6928571428571428,0.041904244911763706,0.24248399990764294,0.7136358893697577,0,0,3,9,0.611065151188334,0.13636363636363635,0.18181818181818182,0.6818181818181818,models\fulltext\k14_seed04.model
14,5,0.41319416658592134,-0.04533840248802705,-0.8454889019555584,0.7071428571428572,0.03771280173824997,0.2196250265607467,0.7128114000810856,0,2,3,7,0.5970535610754819,0.12121212121212122,0.13636363636363635,0.7424242424242424,models\fulltext\k14_seed05.model
14,6,0.427625329845097,-0.03588174333500422,-0.9362579608930074,0.7071428571428572,0.040044557106442585,0.21485900051973678,0.7184661578483257,0,1,4,9,0.654637391669329,0.030303030303030304,0.22727272727272727,0.7424242424242424,models\fulltext\k14_seed06.model
14,7,0.4412128889753838,-0.024242903861967948,-0.828582466335353,0.6892857142857143,0.03948126957006622,0.2094343360718135,0.7181395785866739,0,0,1,9,0.5603472418158686,0.07575757575757576,0.2878787878787879,0.6363636363636364,models\fulltext\k14_seed07.model
14,8,0.3932139362914054,-0.05155580983441706,-0.9607345955578669,0.6857142857142857,0.042349635177859585,0.24776824080682064,0.6942771062403801,0,0,2,9,0.6948209136164403,0.045454545454545456,0.15151515151515152,0.803030303030303,models\fulltext\k14_seed08.model
14,9,0.42526151707546145,-0.03907538914321042,-0.8536472710508818,0.6892857142857143,0.037770207810693644,0.19635516495167554,0.7309796812453395,0,2,6,10,0.5365192364330335,0.07575757575757576,0.25757575757575757,0.6666666666666666,models\fulltext\k14_seed09.model
14,10,0.4676763792610056,-0.02398024289265549,-0.8343909495483491,0.6964285714285714,0.03600296486357794,0.1936105832375668,0.725651196381402,0,4,4,9,0.5960187374302788,0.045454545454545456,0.3333333333333333,0.6212121212121212,models\fulltext\k14_seed10.model
14,11,0.46472230633434203,-0.021312110315855868,-0.8145992436053148,0.7107142857142857,0.036348706100007434,0.18906201696494124,0.7305793108374821,0,3,3,8,0.6103168580297499,0.07575757575757576,0.21212121212121213,0.7121212121212122,models\fulltext\k14_seed11.model
14,12,0.3915586722733361,-0.05455869400908254,-0.9518245309877378,0.6928571428571428,0.0395985890491385,0.2403030517091463,0.7189022366243009,0,1,2,10,0.6315572355454357,0.045454545454545456,0.16666666666666666,0.7878787878787878,models\fulltext\k14_seed12.model
14,13,0.3762741628418449,-0.05197318485556708,-0.8245299512467413,0.675,0.03708886878348995,0.20045173221400805,0.7090687345951656,0,0,3,8,0.639300120637665,0.030303030303030304,0.21212121212121213,0.7575757575757576,models\fulltext\k14_seed13.model
14,14,0.3837893388352221,-0.05828028949772042,-0.9698005873985158,0.7,0.033367461360520934,0.20727352257613296,0.7128736116889919,0,1,3,9,0.653352074179979,0.09090909090909091,0.12121212121212122,0.7878787878787878,models\fulltext\k14_seed14.model
14,15,0.38545385461731213,-0.06207578872441257,-0.9078254541245645,0.7214285714285714,0.03875028875028875,0.22555961324782162,0.7106568628762312,0,0,2,9,0.6181737681264222,0.07575757575757576,0.22727272727272727,0.696969696969697,models\fulltext\k14_seed15.model
14,16,0.4237961937583941,-0.037103548338424094,-0.7835454943506183,0.6964285714285714,0.041788920909800034,0.20812165900901125,0.7157956622864516,0,1,3,8,0.6379804127931438,0.06060606060606061,0.19696969696969696,0.7424242424242424,models\fulltext\k14_seed16.model
14,17,0.41002614492577144,-0.04603545264997747,-0.9786749355700762,0.7071428571428572,0.03512699868975173,0.2241570886511069,0.7025578600633913,0,0,1,8,0.5821923770221006,0.07575757575757576,0.18181818181818182,0.7424242424242424,models\fulltext\k14_seed17.model
14,18,0.44081497724166635,-0.02783066838096651,-0.8418603688280345,0.6892857142857143,0.038465523138744656,0.18261621458517327,0.7240374713933283,0,2,5,9,0.6375546444849147,0.015151515151515152,0.22727272727272727,0.7575757575757576,models\fulltext\k14_seed18.model
14,19,0.4761055875766322,-0.0168056922041327,-0.9101569692994007,0.725,0.03714193559394798,0.21027886175683566,0.708485477644402,1,2,5,6,0.6233339086435273,0.06060606060606061,0.15151515151515152,0.7878787878787878,models\fulltext\k14_seed19.model
15,0,0.40233937821759486,-0.04744725729288468,-0.9799509619247545,0.67,0.040529069100497674,0.20892691754159473,0.7194596917513655,0,0,3,9,0.5979672522528496,0.12121212121212122,0.21212121212121213,0.6666666666666666,models\fulltext\k15_seed00.model
15,1,0.41036264786426274,-0.053724078743445904,-0.8576475836402193,0.6833333333333333,0.03677884279388039,0.2209957293456509,0.7205182903720194,0,2,3,10,0.6053432333323916,0.12121212121212122,0.15151515151515152,0.7272727272727273,models\fulltext\k15_seed01.model
15,2,0.45473140604562945,-0.028061235582110888,-0.8197648165190621,0.69,0.04139953436724777,0.23219706636099588,0.7119600080373973,0,1,2,11,0.6035654803498677,0.12121212121212122,0.16666666666666666,0.7121212121212122,models\fulltext\k15_seed02.model
15,3,0.41123249248639826,-0.04263500058664578,-0.8878810566265437,0.6766666666666666,0.04026341761857021,0.22779071260066258,0.7088734698643481,0,1,3,10,0.6479108228953313,0.07575757575757576,0.12121212121212122,0.803030303030303,models\fulltext\k15_seed03.model
15,4,0.4015973662055593,-0.0490909197686993,-0.9911766937921535,0.6866666666666666,0.03970139600391701,0.22822107711718195,0.7258705683414275,0,0,3,10,0.6098816241434509,0.13636363636363635,0.19696969696969696,0.6666666666666666,models\fulltext\k15_seed04.model
15,5,0.4297993296988171,-0.042838150446123074,-0.8542438545977652,0.6933333333333334,0.03743458029172315,0.21185264033930643,0.7250084258482522,0,3,4,8,0.6049487264076561,0.12121212121212122,0.13636363636363635,0.7424242424242424,models\fulltext\k15_seed05.model
15,6,0.4500127678820045,-0.029659570486555948,-0.929963600626005,0.7133333333333334,0.03478183628559568,0.1971731566247486,0.7329832915129078,0,2,6,11,0.6358386894953445,0.030303030303030304,0.21212121212121213,0.7575757575757576,models\fulltext\k15_seed06.model
15,7,0.4355808430967138,-0.02748862928704149,-0.8477609205930878,0.6933333333333334,0.03765132026963076,0.21138721931548346,0.7206504655834602,0,0,2,11,0.5796028050992776,0.09090909090909091,0.2727272727272727,0.6363636363636364,models\fulltext\k15_seed07.model
15,8,0.39899635492886437,-0.05003156991986251,-0.8962303179101133,0.6666666666666666,0.04213745558283373,0.2361635956026259,0.7022480793386789,0,0,3,9,0.6822045422997248,0.07575757575757576,0.10606060606060606,0.8181818181818182,models\fulltext\k15_seed08.model
15,9,0.4421218209964036,-0.0352559412713104,-0.8299884110812663,0.6633333333333333,0.03956656278637703,0.20038181681718145,0.7292323668031805,0,2,7,11,0.5724634312760745,0.09090909090909091,0.21212121212121213,0.696969696969697,models\fulltext\k15_seed09.model
15,10,0.4651780232781732,-0.024875931616116693,-0.8552305245158496,0.69,0.0351333598569335,0.1784771566944463,0.7351092938987493,0,3,5,10,0.5989667293934583,0.07575757575757576,0.22727272727272727,0.696969696969697,models\fulltext\k15_seed10.model
15,11,0.468672671865787,-0.021799627026435217,-0.8612436987199776,0.7,0.03373392395948787,0.18842907516019686,0.7391361020495901,0,3,3,9,0.5992994204657958,0.09090909090909091,0.19696969696969696,0.7121212121212122,models\fulltext\k15_seed11.model
15,12,0.393526945680304,-0.05201410211982823,-1.0213653926792328,0.6966666666666667,0.036895310579521105,0.218647455707902,0.725870901572471,0,1,5,11,0.6266355586453066,0.045454545454545456,0.16666666666666666,0.7878787878787878,models\fulltext\k15_seed12.model
15,13,0.3537733913077515,-0.06297400567806864,-0.8697460009182342,0.6866666666666666,0.03750251118672172,0.1897638650167556,0.7107535206112302,0,0,3,8,0.629539836074414,0.030303030303030304,0.21212121212121213,0.7575757575757576,models\fulltext\k15_seed13.model
15,14,0.37798349569668327,-0.05263645980856644,-0.9763482569357078,0.6933333333333334,0.036198273792258755,0.21128764152526855,0.7250177092919418,0,1,4,9,0.667557773822547,0.07575757575757576,0.13636363636363635,0.7878787878787878,models\fulltext\k15_seed14.model
15,15,0.4162198944982434,-0.04469280060149652,-0.832079022463599,0.6866666666666666,0.03812063201713799,0.2242685259452888,0.7185288800460511,0,0,4,9,0.6178883060347014,0.06060606060606061,0.25757575757575757,0.6818181818181818,models\fulltext\k15_seed15.model
15,16,0.4374174747769338,-0.038578108046725214,-0.8083113402058294,0.6866666666666666,0.040012746779664064,0.20350063113229616,0.7173858767128083,0,2,2,9,0.6420885627113683,0.06060606060606061,0.19696969696969696,0.7424242424242424,models\fulltext\k15_seed16.model
15,17,0.4040049188248894,-0.05343201960079956,-1.0053970866525856,0.7033333333333334,0.036162594057330896,0.22173444660646574,0.7065880273084442,0,0,2,10,0.6075845314720331,0.07575757575757576,0.13636363636363635,0.7878787878787878,models\fulltext\k15_seed17.model
15,18,0.43217706020347785,-0.02858097895380761,-0.9019915222798217,0.6533333333333333,0.04363294429636756,0.18512260470361935,0.7310798407335203,0,2,5,11,0.6396426799038967,0.045454545454545456,0.15151515151515152,0.803030303030303,models\fulltext\k15_seed18.model
15,19,0.48891856181171406,-0.00985610206750398,-0.8514293873789371,0.6833333333333333,0.041059261719608234,0.2019025878537269,0.7121777551111316,1,4,5,6,0.6192448125133193,0.07575757575757576,0.19696969696969696,0.7272727272727273,models\fulltext\k15_seed19.model
16,0,0.4245477472262023,-0.0401046336233766,-0.8694879965462181,0.646875,0.040782992021382115,0.19540704864387712,0.7246499107003337,0,1,4,11,0.5955437800775916,0.12121212121212122,0.18181818181818182,0.696969696969697,models\fulltext\k16_seed00.model
16,1,0.41514437622426226,-0.052002808061145975,-0.8294537868699632,0.6625,0.04042772061347913,0.22321505093326172,0.7216617669103006,0,1,6,11,0.6232304066570578,0.12121212121212122,0.16666666666666666,0.7121212121212122,models\fulltext\k16_seed01.model
16,2,0.44035875192716945,-0.03627612358531672,-0.836477545221594,0.703125,0.037100364577144766,0.2234639593710502,0.7174802927287909,0,1,4,12,0.6206447900667902,0.13636363636363635,0.12121212121212122,0.7424242424242424,models\fulltext\k16_seed02.model
16,3,0.41669573819590966,-0.0413709658962843,-0.9127901999589171,0.65625,0.04253050553360151,0.22308372898648182,0.7111661001555938,0,2,4,11,0.6578031927786773,0.09090909090909091,0.12121212121212122,0.7878787878787878,models\fulltext\k16_seed03.model
16,4,0.3900954247144237,-0.058095070280543976,-0.8906401463998761,0.65,0.04286265981312421,0.2476189186796546,0.7093732201450823,1,0,6,11,0.6516340963102348,0.09090909090909091,0.15151515151515152,0.7575757575757576,models\fulltext\k16_seed04.model
16,5,0.4181971794411119,-0.04223735323127128,-0.8558811911039481,0.66875,0.04134289652865505,0.21197860278189182,0.7309265362481978,0,3,4,10,0.6140824956272478,0.12121212121212122,0.16666666666666666,0.7121212121212122,models\fulltext\k16_seed05.model
16,6,0.4524009398172384,-0.02587711315272568,-0.9378575524639912,0.703125,0.03557185004553425,0.19325118352038165,0.7405467183213709,0,2,7,13,0.6628763609331724,0.06060606060606061,0.21212121212121213,0.7272727272727273,models\fulltext\k16_seed06.model
16,7,0.46548325865044116,-0.017070465178209066,-0.8635733512155788,0.69375,0.035050973131468495,0.20206916189442078,0.72485436840233,0,2,3,11,0.5949847800646956,0.06060606060606061,0.25757575757575757,0.6818181818181818,models\fulltext\k16_seed07.model
16,8,0.393407968611555,-0.05464447995799358,-0.8950641382100313,0.659375,0.039471194734352635,0.2275761571402351,0.7087688678988617,0,1,5,11,0.6927883517605551,0.06060606060606061,0.15151515151515152,0.7878787878787878,models\fulltext\k16_seed08.model
16,9,0.45067495195016016,-0.05961585505472088,-1.121352887638452,0.678125,0.03559301059301059,0.21731862450639408,0.7186022537650376,1,1,7,11,0.5696811676507423,0.12121212121212122,0.15151515151515152,0.7272727272727273,models\fulltext\k16_seed09.model
16,10,0.4897210659243226,-0.027464667757475202,-0.9342503014128086,0.7125,0.030428114638640955,0.16784691545180977,0.7438637803438934,0,4,5,10,0.5963856961006555,0.030303030303030304,0.2727272727272727,0.696969696969697,models\fulltext\k16_seed10.model
16,11,0.4687335036500875,-0.01717889484512706,-0.8207223291680763,0.675,0.036831599912095274,0.18522668241833648,0.7487756324086402,0,4,4,11,0.610087040325914,0.06060606060606061,0.19696969696969696,0.7424242424242424,models\fulltext\k16_seed11.model
16,12,0.41427493577332547,-0.03803094128550918,-0.9437592537316524,0.671875,0.03837239495134233,0.21498430569966634,0.7326086968415988,0,1,5,13,0.6223966960450332,0.07575757575757576,0.15151515151515152,0.7727272727272727,models\fulltext\k16_seed12.model
16,13,0.34575808068607916,-0.06630073790540829,-0.8908071074072205,0.66875,0.038021523547839345,0.18511930260186393,0.7194150573447363,0,0,3,10,0.6344702598514618,0.045454545454545456,0.18181818181818182,0.7727272727272727,models\fulltext\k16_seed13.model
16,14,0.3943417386767718,-0.05287054600821444,-0.9752479524275733,0.6625,0.039396614319214936,0.23125817154844602,0.7092725827599377,1,0,6,11,0.6516338665332334,0.030303030303030304,0.15151515151515152,0.8181818181818182,models\fulltext\k16_seed14.model
16,15,0.4365328942727503,-0.04190294980549075,-0.7992677362712044,0.675,0.03699228436070542,0.22921171265964707,0.7205916650135448,0,1,3,10,0.627425869152844,0.030303030303030304,0.2727272727272727,0.696969696969697,models\fulltext\k16_seed15.model
16,16,0.4345382508716437,-0.04279877064426673,-0.8170792649193905,0.690625,0.03689166320745268,0.19538500405227144,0.7249729686274581,0,3,3,10,0.6442147377062928,0.07575757575757576,0.18181818181818182,0.7424242424242424,models\fulltext\k16_seed16.model
16,17,0.41888851982148667,-0.04636654295738508,-0.9418184235267155,0.6875,0.03792469450364188,0.22884172399838765,0.7106019962512501,0,0,2,12,0.6369228785991489,0.10606060606060606,0.13636363636363635,0.7575757575757576,models\fulltext\k16_seed17.model
16,18,0.4179986391344911,-0.03596294298437261,-0.8666404616302027,0.640625,0.04177019022220261,0.18570340927690268,0.7362007030992201,0,2,7,11,0.6210189316206004,0.030303030303030304,0.22727272727272727,0.7424242424242424,models\fulltext\k16_seed18.model
16,19,0.4833220378620194,-0.017326744224716393,-0.8897808277624455,0.678125,0.038737675236531065,0.21118391941611966,0.715615672604435,1,4,5,9,0.6273402073050723,0.07575757575757576,0.19696969696969696,0.7272727272727273,models\fulltext\k16_seed19.model
17,0,0.44719264848263157,-0.042784203622076834,-0.9685059802446941,0.6823529411764706,0.03240610903149603,0.1730458211592015,0.7489725726338444,0,2,6,11,0.5738119873759168,0.12121212121212122,0.22727272727272727,0.6515151515151515,models\fulltext\k17_seed00.model
17,1,0.42169221439027404,-0.05953017455063086,-0.8475266224209785,0.6764705882352942,0.03676224335029653,0.2015502455589526,0.7333762542122138,0,2,6,13,0.625846297117815,0.12121212121212122,0.18181818181818182,0.696969696969697,models\fulltext\k17_seed01.model
17,2,0.42822474016809536,-0.035140635873917525,-0.8306186344553851,0.6441176470588236,0.04405672503468897,0.22552279492511468,0.7265459561800777,0,3,5,11,0.5915789417801093,0.12121212121212122,0.21212121212121213,0.6666666666666666,models\fulltext\k17_seed02.model
17,3,0.4219212127475891,-0.03566685539546634,-0.851226219415262,0.6352941176470588,0.045198389876044215,0.21925354595570004,0.720141043133961,0,2,4,12,0.6563451516860892,0.06060606060606061,0.13636363636363635,0.803030303030303,models\fulltext\k17_seed03.model
17,4,0.4203743276789242,-0.06791542223137081,-1.170933359472849,0.6911764705882353,0.03343566952199259,0.23751554944935968,0.7124638281048569,1,0,6,12,0.6740833480714834,0.09090909090909091,0.13636363636363635,0.7727272727272727,models\fulltext\k17_seed04.model
17,5,0.4165836212576617,-0.045866595448123784,-0.8833396991996284,0.6558823529411765,0.03793475465302091,0.21266143933376846,0.7171067366387864,1,2,6,12,0.624904761841194,0.09090909090909091,0.19696969696969696,0.7121212121212122,models\fulltext\k17_seed05.model
17,6,0.45316787992736457,-0.02625963278746207,-0.9283029911157612,0.7058823529411765,0.032334504789431034,0.18953264110228596,0.7458865918281977,0,3,7,14,0.6557405566527037,0.06060606060606061,0.21212121212121213,0.7272727272727273,models\fulltext\k17_seed06.model
17,7,0.47972253683412186,-0.016371135783364313,-0.8388273012000289,0.7,0.030642318568015164,0.19082172839518854,0.7274153265063436,0,3,5,12,0.6422647483861621,0.07575757575757576,0.21212121212121213,0.7121212121212122,models\fulltext\k17_seed07.model
17,8,0.42324176632243204,-0.04199745559660838,-0.8312909793883674,0.6470588235294118,0.04099056639577492,0.2207066332373549,0.7193223585483478,0,1,6,12,0.6907658510722148,0.045454545454545456,0.19696969696969696,0.7575757575757576,models\fulltext\k17_seed08.model
17,9,0.43965832321515086,-0.0658509126418008,-1.1218886873451945,0.6617647058823529,0.038077632117879796,0.22781892364625544,0.7194864158224021,1,1,9,13,0.5908514371961135,0.10606060606060606,0.19696969696969696,0.696969696969697,models\fulltext\k17_seed09.model
17,10,0.4881126218808118,-0.020970174913642333,-0.8318378531830204,0.6882352941176471,0.03160984849201931,0.1685751051751568,0.7496484394800327,0,4,7,10,0.5988928231603854,0.045454545454545456,0.24242424242424243,0.7121212121212122,models\fulltext\k17_seed10.model
17,11,0.48086493451052836,-0.016815585539499408,-0.8167200085202996,0.6441176470588236,0.03941148680836352,0.200175832847462,0.740596210734129,1,3,4,12,0.6117245358879396,0.09090909090909091,0.16666666666666666,0.7424242424242424,models\fulltext\k17_seed11.model
17,12,0.39954252545982566,-0.046568010443578334,-0.9543069982206395,0.6647058823529411,0.03634947249498333,0.20883806304567876,0.7364228554929573,0,1,8,14,0.6302559256758865,0.06060606060606061,0.19696969696969696,0.7424242424242424,models\fulltext\k17_seed12.model
17,13,0.34905032570178907,-0.06651877191704025,-0.9825753191567034,0.6529411764705882,0.03676445046414087,0.18756580067908063,0.7231758459681183,0,0,4,12,0.6671970622569736,0.030303030303030304,0.16666666666666666,0.803030303030303,models\fulltext\k17_seed13.model
17,14,0.431718380240799,-0.04061711033599349,-0.9845853855190984,0.6588235294117647,0.037816473659117354,0.2072540360283764,0.7170570894417548,1,1,6,13,0.6642222312022541,0.045454545454545456,0.15151515151515152,0.803030303030303,models\fulltext\k17_seed14.model
17,15,0.428177861702903,-0.0486420368148378,-0.7883179082493218,0.6588235294117647,0.037378543183496746,0.21654173203141375,0.7317149735370785,0,2,4,11,0.627940410419521,0.045454545454545456,0.25757575757575757,0.696969696969697,models\fulltext\k17_seed15.model
17,16,0.44468057553810897,-0.03871359516752519,-0.8255082724896231,0.6764705882352942,0.03487505809487234,0.18044652400867028,0.7327729935981049,0,3,4,11,0.6401077022802989,0.09090909090909091,0.15151515151515152,0.7575757575757576,models\fulltext\k17_seed16.model
17,17,0.41233932623493696,-0.04718709250660681,-0.8848011928497497,0.6705882352941176,0.03948326587645473,0.2209564953330247,0.7184579644451724,0,0,3,14,0.6499318485356539,0.09090909090909091,0.15151515151515152,0.7575757575757576,models\fulltext\k17_seed17.model
17,18,0.4444952850071424,-0.033543980474051036,-0.8946294959973716,0.6529411764705882,0.03647273957782062,0.17497714396620936,0.7441308621546414,0,2,9,12,0.6111159279061019,0.045454545454545456,0.22727272727272727,0.7272727272727273,models\fulltext\k17_seed18.model
17,19,0.4708692262207955,-0.0187747561112817,-0.8674333332623164,0.65,0.0384082799101842,0.2096831676659777,0.7176587973071785,1,4,6,9,0.6454570733278546,0.045454545454545456,0.22727272727272727,0.7272727272727273,models\fulltext\k17_seed19.model
18,0,0.4432310945931022,-0.041161499623198566,-0.8970827523713262,0.6694444444444444,0.03297465010571306,0.18803238101741848,0.7446492215602857,0,4,9,13,0.6212342279170915,0.06060606060606061,0.25757575757575757,0.6818181818181818,models\fulltext\k18_seed00.model
18,1,0.42447256416550505,-0.05742483357775282,-0.8574499285363248,0.6611111111111111,0.035696480484922175,0.20999308475871492,0.7349882630636067,0,2,7,14,0.6531178749331764,0.09090909090909091,0.19696969696969696,0.7121212121212122,models\fulltext\k18_seed01.model
18,2,0.4462874275305116,-0.028078589399616063,-0.8373595152162657,0.6416666666666667,0.041051674451783725,0.21433487188777114,0.7334519929963764,0,2,9,11,0.5922172429931738,0.13636363636363635,0.16666666666666666,0.696969696969697,models\fulltext\k18_seed02.model
18,3,0.4500419042156175,-0.0284787342791945,-0.8150214910887045,0.6305555555555555,0.04162742225025962,0.20932005384778665,0.7253486085230785,0,3,4,14,0.6634410725641139,0.045454545454545456,0.19696969696969696,0.7575757575757576,models\fulltext\k18_seed03.model
18,4,0.3918907664986735,-0.052496865229200856,-0.9394624434937637,0.6666666666666666,0.035343813283472116,0.2299062522018657,0.7270798496002302,1,0,7,13,0.6319737823148237,0.12121212121212122,0.16666666666666666,0.7121212121212122,models\fulltext\k18_seed04.model
18,5,0.43425280606735694,-0.043281008699050244,-0.8865901035761994,0.6444444444444445,0.03764152880889359,0.20883488959444116,0.7217673811812776,1,2,7,13,0.6559254712038141,0.07575757575757576,0.18181818181818182,0.7424242424242424,models\fulltext\k18_seed05.model
18,6,0.442423961534483,-0.038072367774207146,-0.9356684893773601,0.6527777777777778,0.038978394385465936,0.2026780307828601,0.7344124971226876,1,0,9,16,0.6469588224317153,0.07575757575757576,0.21212121212121213,0.7121212121212122,models\fulltext\k18_seed06.model
18,7,0.48557891004716175,-0.014659882944829974,-0.8227127513126391,0.6861111111111111,0.031189810343577113,0.19804367946546061,0.7311821016361849,0,3,6,12,0.6320974446471913,0.10606060606060606,0.22727272727272727,0.6666666666666666,models\fulltext\k18_seed07.model
18,8,0.4290848929438278,-0.038924755697614014,-0.8273203038757805,0.6416666666666667,0.0390468097625264,0.20565316577752432,0.7258881227186325,0,1,6,14,0.68064057285276,0.09090909090909091,0.18181818181818182,0.7272727272727273,models\fulltext\k18_seed08.model
18,9,0.4424046918491207,-0.06234060658934179,-1.074793769677279,0.6638888888888889,0.034641658935958705,0.21873305606491425,0.7260517092519909,1,1,10,14,0.6228176097140958,0.045454545454545456,0.18181818181818182,0.7727272727272727,models\fulltext\k18_seed09.model
18,10,0.47984582982767826,-0.022458504711583515,-0.8724158509972059,0.6777777777777778,0.03135959367368339,0.16293679087672358,0.7572230216115164,0,4,7,12,0.6093038117208476,0.015151515151515152,0.3484848484848485,0.6363636363636364,models\fulltext\k18_seed10.model
18,11,0.4905842904527203,-0.039123130916825365,-1.087447796607163,0.6916666666666667,0.031631482353876576,0.19436323579425127,0.7420658777067294,1,4,5,13,0.637195498633625,0.07575757575757576,0.16666666666666666,0.7575757575757576,models\fulltext\k18_seed11.model
18,12,0.3868778787559757,-0.05383651178259172,-0.9956666239734674,0.6583333333333333,0.037471066366835205,0.20603286628337467,0.7370926568679027,0,1,8,15,0.6347276604379162,0.07575757575757576,0.15151515151515152,0.7727272727272727,models\fulltext\k18_seed12.model
18,13,0.3577462689038863,-0.06327495368207812,-0.9981447191876087,0.65,0.03508240659943447,0.1964863403608986,0.7251855552871492,0,1,4,14,0.6839496873719437,0.0,0.21212121212121213,0.7878787878787878,models\fulltext\k18_seed13.model
18,14,0.439410696977484,-0.03221976923090829,-0.8800670862428316,0.6361111111111111,0.039916734447178207,0.20190437530088268,0.7252066932513326,1,2,6,14,0.6711859015788308,0.045454545454545456,0.15151515151515152,0.803030303030303,models\fulltext\k18_seed14.model
18,15,0.4299998766753325,-0.05260696551862871,-0.9190373400451884,0.6722222222222223,0.0342911910932308,0.2089927957874108,0.7342837725552227,0,3,6,13,0.6213235941945641,0.045454545454545456,0.24242424242424243,0.7121212121212122,models\fulltext\k18_seed15.model
18,16,0.4535139699718851,-0.03727118992540166,-0.8424241762432018,0.6777777777777778,0.03260463625910114,0.18022654979836708,0.7403581568138446,0,3,5,13,0.647037763564206,0.10606060606060606,0.15151515151515152,0.7424242424242424,models\fulltext\k18_seed16.model
18,17,0.4193894865604616,-0.04644286874103489,-0.8813087187601832,0.6611111111111111,0.038985096715928994,0.21982395507736144,0.7233675850622128,0,0,4,14,0.6418606211536688,0.10606060606060606,0.12121212121212122,0.7727272727272727,models\fulltext\k18_seed17.model
18,18,0.44281074978578155,-0.03526610543041489,-0.8876335922258881,0.6527777777777778,0.03647776597451824,0.17849505144883604,0.7448324105677423,0,2,10,14,0.6218429744410308,0.10606060606060606,0.15151515151515152,0.7424242424242424,models\fulltext\k18_seed18.model
18,19,0.4768880409963818,-0.024472971993005032,-0.871227150515392,0.6638888888888889,0.0354476492135217,0.1998802472173778,0.729690992200275,1,4,6,10,0.6350225707306808,0.06060606060606061,0.19696969696969696,0.7424242424242424,models\fulltext\k18_seed19.model
19,0,0.4315058444843302,-0.047515348754863775,-0.9006012621871058,0.6631578947368421,0.0343671441927919,0.1865532907129031,0.7484631829442729,0,3,10,13,0.6260441276292774,0.06060606060606061,0.2878787878787879,0.6515151515151515,models\fulltext\k19_seed00.model
19,1,0.45141666823167226,-0.04673083350107779,-0.8942607018742732,0.6578947368421053,0.03462546745095221,0.2043470630955975,0.7414895254713011,0,3,8,14,0.6530025803920056,0.07575757575757576,0.18181818181818182,0.7424242424242424,models\fulltext\k19_seed01.model
19,2,0.44581351407409847,-0.03193575318719469,-0.8418352110480504,0.6368421052631579,0.04126171953829333,0.20602423238039713,0.7385134814741624,0,3,9,14,0.6152324534611828,0.13636363636363635,0.12121212121212122,0.7424242424242424,models\fulltext\k19_seed02.model
19,3,0.4609965279141477,-0.028802772396983495,-0.892802138979173,0.6289473684210526,0.03953213360632838,0.20670259841962865,0.7357171145771885,0,3,7,13,0.6258892257080995,0.07575757575757576,0.16666666666666666,0.7575757575757576,models\fulltext\k19_seed03.model
19,4,0.4077984662394703,-0.07068722191520473,-1.223026078248165,0.6842105263157895,0.0310646737239535,0.223037685066113,0.7331170352436841,1,0,8,13,0.6472606727200221,0.09090909090909091,0.19696969696969696,0.7121212121212122,models\fulltext\k19_seed04.model
19,5,0.4444599768184907,-0.042940315290210126,-0.9011156801060184,0.6368421052631579,0.03688282117594428,0.20512978351342748,0.7279752748948533,1,3,8,14,0.6457301175141076,0.09090909090909091,0.19696969696969696,0.7121212121212122,models\fulltext\k19_seed05.model
19,6,0.4207599749957542,-0.04756872023115568,-0.881806361386078,0.6342105263157894,0.04190292499567876,0.20352253195835135,0.7342395360050007,1,2,10,17,0.6801083414065116,0.07575757575757576,0.16666666666666666,0.7575757575757576,models\fulltext\k19_seed06.model
19,7,0.4786032410232698,-0.01262734567066465,-0.8572216358323194,0.6710526315789473,0.034219339797526754,0.2010195146135071,0.7410154105915671,0,4,6,14,0.645715430515972,0.07575757575757576,0.19696969696969696,0.7272727272727273,models\fulltext\k19_seed07.model
19,8,0.4210837158445963,-0.04150697977951227,-0.8251860272428996,0.6289473684210526,0.040137166474682094,0.20804245336449634,0.7293956408221736,0,2,6,15,0.7009099034716008,0.07575757575757576,0.16666666666666666,0.7575757575757576,models\fulltext\k19_seed08.model
19,9,0.43446584361191354,-0.06651208072510931,-1.0600467405386622,0.6631578947368421,0.03482689816946512,0.21249113830993746,0.7289245540409576,1,2,10,15,0.6220289954014857,0.06060606060606061,0.22727272727272727,0.7121212121212122,models\fulltext\k19_seed09.model
19,10,0.4632711742915151,-0.02502701615539231,-0.9059255982954749,0.6552631578947369,0.0346547899098005,0.1727357849435151,0.7478498986681336,1,4,7,15,0.630823326444098,0.030303030303030304,0.30303030303030304,0.6666666666666666,models\fulltext\k19_seed10.model
19,11,0.4815054731541383,-0.04565101849900408,-1.0788136264421275,0.6789473684210526,0.03079714241519684,0.19265126265933988,0.7381676323206754,1,3,7,14,0.6565261929218568,0.07575757575757576,0.15151515151515152,0.7727272727272727,models\fulltext\k19_seed11.model
19,12,0.392161945259145,-0.05280343110063444,-1.0172950160116148,0.631578947368421,0.039351589674766034,0.20154585619593224,0.7382129984193564,0,1,9,16,0.6518038147779875,0.06060606060606061,0.16666666666666666,0.7727272727272727,models\fulltext\k19_seed12.model
19,13,0.35788310931151773,-0.06458100246151395,-1.0119781196104884,0.6210526315789474,0.037802784571020945,0.20277618749709855,0.72206520629911,1,1,5,15,0.6834409690742095,0.0,0.21212121212121213,0.7878787878787878,models\fulltext\k19_seed13.model
19,14,0.4333723646769154,-0.037828998826319654,-0.8715076711901668,0.6289473684210526,0.038947739963437096,0.2013147731600275,0.7287310153659449,1,2,8,14,0.6841656626055957,0.045454545454545456,0.15151515151515152,0.803030303030303,models\fulltext\k19_seed14.model
19,15,0.42376074889783083,-0.05234400263277792,-0.9642035977657702,0.6657894736842105,0.03359693289626482,0.21138143848780303,0.740362280339493,0,1,6,14,0.6288557307853173,0.06060606060606061,0.22727272727272727,0.7121212121212122,models\fulltext\k19_seed15.model
19,16,0.4499241523341119,-0.04646261470950548,-0.8862915330378356,0.6736842105263158,0.02960280707279784,0.18421027950986088,0.7404873494628424,0,3,6,15,0.6768141341259996,0.09090909090909091,0.13636363636363635,0.7727272727272727,models\fulltext\k19_seed16.model
19,17,0.4257938214593003,-0.04143309307870008,-0.8713420458302209,0.6447368421052632,0.0411931080824677,0.21315404642046543,0.7292278917065818,0,0,6,14,0.6659155562173454,0.07575757575757576,0.15151515151515152,0.7727272727272727,models\fulltext\k19_seed17.model
19,18,0.45424220334847015,-0.040185690439487,-0.9542921085054488,0.6657894736842105,0.03081871307388661,0.16984596595778104,0.7469320645325411,0,4,8,13,0.6150974115215638,0.09090909090909091,0.18181818181818182,0.7272727272727273,models\fulltext\k19_seed18.model
19,19,0.4524766744736861,-0.03581558551662897,-0.88226743606242,0.6421052631578947,0.03870229977259565,0.21172190455403941,0.734606675325727,1,4,7,12,0.6322138263851891,0.07575757575757576,0.19696969696969696,0.7272727272727273,models\fulltext\k19_seed19.model
20,0,0.43828401465073724,-0.05278364046482663,-0.8996412317622763,0.6775,0.030542728049653255,0.17422625497963867,0.7586553650544928,0,4,11,14,0.6209921904551059,0.07575757575757576,0.25757575757575757,0.6666666666666666,models\fulltext\k20_seed00.model
20,1,0.4469498820362694,-0.04596409315768847,-0.8896364064138815,0.64,0.03559705810398331,0.20616519384478268,0.7477027418065598,0,3,7,16,0.6433285045000875,0.09090909090909091,0.16666666666666666,0.7424242424242424,models\fulltext\k20_seed01.model
20,2,0.4381203640400099,-0.03611585379341212,-0.8571423092297483,0.6125,0.042107602397646396,0.20871442017194472,0.7387878910992404,0,3,7,17,0.6135267937060248,0.10606060606060606,0.16666666666666666,0.7272727272727273,models\fulltext\k20_seed02.model
20,3,0.45090743582241766,-0.0352262719521955,-0.9155106578717845,0.635,0.03696826572824617,0.1984564641000409,0.7412046406383195,0,4,8,14,0.6349143235624152,0.09090909090909091,0.12121212121212122,0.7878787878787878,models\fulltext\k20_seed03.model
20,4,0.425591747334515,-0.06552610433775011,-1.2560326314268677,0.665,0.03254723277535727,0.21840300003164692,0.7395553369241932,1,3,8,15,0.6303639875853867,0.09090909090909091,0.24242424242424243,0.6666666666666666,models\fulltext\k20_seed04.model
20,5,0.4474689325524485,-0.04339315700502781,-0.9415429443099204,0.6375,0.035690694463092525,0.1989489718879524,0.7393039961220079,1,4,9,16,0.6433892202454086,0.09090909090909091,0.19696969696969696,0.7121212121212122,models\fulltext\k20_seed05.model
20,6,0.4453014372967618,-0.032990098972720615,-0.8728239914760534,0.645,0.03803814049366684,0.18987373190098686,0.7477785805417927,1,4,12,17,0.6956775029694434,0.07575757575757576,0.16666666666666666,0.7575757575757576,models\fulltext\k20_seed06.model
20,7,0.46793572263311034,-0.018673002906193302,-0.8738183277503119,0.665,0.033491024577874826,0.198196324666864,0.7456359234055269,0,5,8,14,0.6498680300509146,0.07575757575757576,0.21212121212121213,0.7121212121212122,models\fulltext\k20_seed07.model
20,8,0.4253081027652792,-0.042200744540700594,-0.8270044916056559,0.6275,0.03876094775557054,0.20603835888599095,0.7342984875843597,0,2,8,16,0.7091280292021717,0.06060606060606061,0.18181818181818182,0.7575757575757576,models\fulltext\k20_seed08.model
20,9,0.42270651677028714,-0.07011660556175142,-1.0761552412152846,0.6425,0.03592336971838357,0.20824485099629353,0.7382282742198465,1,3,10,14,0.6101257190135639,0.06060606060606061,0.25757575757575757,0.6818181818181818,models\fulltext\k20_seed09.model
20,10,0.4707916207041599,-0.0230355408071364,-0.8681052796859324,0.6375,0.03526123161123976,0.17502809560024424,0.7508414400303315,1,4,8,17,0.6302802178399334,0.045454545454545456,0.25757575757575757,0.696969696969697,models\fulltext\k20_seed10.model
20,11,0.4804125263373401,-0.043406622964916784,-1.0739898214876837,0.6675,0.03077170052891089,0.19175175271046005,0.745300238941073,1,3,8,17,0.6672255573273216,0.09090909090909091,0.13636363636363635,0.7727272727272727,models\fulltext\k20_seed11.model
20,12,0.4146566720987252,-0.04231084764756961,-1.0665467533684825,0.6325,0.0367756298504221,0.19211846005759742,0.7415389928751362,0,2,10,17,0.663108632945709,0.06060606060606061,0.13636363636363635,0.803030303030303,models\fulltext\k20_seed12.model
20,13,0.3585254909470863,-0.06143638568681921,-0.9378254471922401,0.6125,0.03725283462572355,0.20208242931648304,0.7309765094028389,1,1,6,16,0.6805527897716716,0.0,0.19696969696969696,0.803030303030303,models\fulltext\k20_seed13.model
20,14,0.42695808330132745,-0.04415162962434154,-0.887124175678968,0.6375,0.033950060770983045,0.19981261141794293,0.7395023907300913,1,3,9,16,0.6850083806466363,0.045454545454545456,0.13636363636363635,0.8181818181818182,models\fulltext\k20_seed14.model
20,15,0.4459906422961037,-0.044873070835870686,-0.8406839540449769,0.6575,0.034334963648960715,0.20309244071770655,0.7492142000629504,0,3,7,17,0.6232232428766785,0.06060606060606061,0.22727272727272727,0.7121212121212122,models\fulltext\k20_seed15.model
20,16,0.44175360907115796,-0.04456918519525272,-0.8390570009990466,0.655,0.03217008674072386,0.18331200974552256,0.7441503301062581,0,3,7,16,0.6780578084524085,0.09090909090909091,0.16666666666666666,0.7424242424242424,models\fulltext\k20_seed16.model
20,17,0.4396073094854677,-0.03919525286151047,-0.8601227024674121,0.6425,0.03978238696342004,0.21434088300325368,0.736921014418757,0,0,8,16,0.6518890220137302,0.07575757575757576,0.13636363636363635,0.7878787878787878,models\fulltext\k20_seed17.model
20,18,0.4387460575163174,-0.04979697769440737,-0.9635354137227019,0.645,0.032497055390977504,0.16647295730286524,0.7547908024697553,0,4,9,16,0.6122875920099101,0.06060606060606061,0.19696969696969696,0.7424242424242424,models\fulltext\k20_seed18.model
20,19,0.46733649762876545,-0.03150907956540082,-0.8517415312743125,0.63,0.039048623873386,0.19774431809782983,0.7415212657962366,1,5,8,13,0.6380827064342542,0.06060606060606061,0.21212121212121213,0.7272727272727273,models\fulltext\k20_seed19.model
