representation,hf_variant,bigrams,no_below,no_above,vocab_size,pct_vocab_removed,empty_docs,avg_doc_vocab,mean_cv,sd_cv,mean_cnpmi,sd_cnpmi,mean_diversity,mean_stability,sd_stability,n_fits,wall_seconds
fulltext,A,False,2,0.4,3798,59.5,0,390.79,0.34171,0.03035,-0.24243,0.02684,0.8128,0.46264,0.04606,15,193.3
fulltext,A,False,2,0.5,3962,57.75,0,465.0,0.35021,0.03265,-0.1753,0.01772,0.77316,0.47802,0.04609,15,219.6
fulltext,A,False,2,0.6,4082,56.47,0,531.67,0.37246,0.03047,-0.12269,0.01749,0.76542,0.50803,0.06048,15,237.8
fulltext,A,False,2,0.7,4187,55.35,0,599.82,0.35545,0.03931,-0.0773,0.01547,0.71893,0.51677,0.05159,15,228.9
fulltext,A,False,2,0.75,4222,54.97,0,625.39,0.39124,0.04841,-0.04546,0.01896,0.72498,0.52718,0.05877,15,80.5
fulltext,A,False,2,0.8,4254,54.63,0,650.03,0.38635,0.0433,-0.04053,0.01358,0.72151,0.54016,0.04416,15,156.0
fulltext,A,False,2,0.9,4325,53.88,0,710.42,0.39713,0.03215,-0.0023,0.00739,0.64729,0.55278,0.07054,15,451.6
fulltext,A,False,2,1.0,4378,53.31,0,761.18,0.36316,0.02684,0.00641,0.0121,0.50329,0.57135,0.07466,15,590.4
fulltext,A,False,3,0.4,2724,70.95,0,358.24,0.33986,0.02605,-0.23756,0.02144,0.80844,0.46506,0.04751,15,197.2
fulltext,A,False,3,0.5,2888,69.2,0,432.45,0.35076,0.02772,-0.16694,0.02164,0.77422,0.49503,0.068,15,216.9
fulltext,A,False,3,0.6,3008,67.92,0,499.12,0.35057,0.04368,-0.12742,0.01452,0.756,0.50127,0.05796,15,240.0
fulltext,A,False,3,0.7,3113,66.8,0,567.27,0.36301,0.02939,-0.07269,0.0108,0.7144,0.52859,0.06247,15,263.8
fulltext,A,False,3,0.75,3148,66.43,0,592.85,0.3979,0.04173,-0.04288,0.01223,0.7288,0.53749,0.05698,15,280.4
fulltext,A,False,3,0.8,3180,66.09,0,617.48,0.3771,0.0369,-0.03803,0.01413,0.7112,0.5488,0.05182,15,353.2
fulltext,A,False,3,0.9,3251,65.33,0,677.88,0.37511,0.04623,-0.0085,0.01542,0.63636,0.56707,0.04447,15,390.0
fulltext,A,False,3,1.0,3304,64.76,0,728.64,0.36553,0.02142,0.0056,0.0069,0.48809,0.5832,0.05536,15,579.2
fulltext,A,False,4,0.4,2188,76.67,0,333.88,0.34358,0.03095,-0.23568,0.0206,0.81218,0.46614,0.05547,15,191.9
fulltext,A,False,4,0.5,2352,74.92,0,408.09,0.32868,0.04081,-0.17963,0.0234,0.76453,0.4869,0.06041,15,159.9
fulltext,A,False,4,0.6,2472,73.64,0,474.76,0.37521,0.02517,-0.11737,0.01085,0.75662,0.52777,0.04289,15,176.3
fulltext,A,False,4,0.7,2577,72.52,0,542.91,0.39406,0.03778,-0.06179,0.00877,0.72169,0.53105,0.06194,15,302.5
fulltext,A,False,4,0.75,2612,72.14,0,568.48,0.40097,0.03229,-0.03836,0.01058,0.72329,0.56512,0.0531,15,326.9
fulltext,A,False,4,0.8,2644,71.8,0,593.12,0.3995,0.02588,-0.02954,0.01313,0.72116,0.56121,0.05438,15,268.3
fulltext,A,False,4,0.9,2715,71.05,0,653.52,0.39434,0.02766,-0.00426,0.00906,0.63573,0.57433,0.07017,15,284.0
fulltext,A,False,4,1.0,2768,70.48,0,704.27,0.37732,0.03273,0.00453,0.01514,0.50587,0.57847,0.06159,15,381.3
fulltext,A,False,5,0.4,1780,81.02,0,309.15,0.32781,0.03082,-0.24756,0.01442,0.80667,0.47394,0.04458,15,153.1
fulltext,A,False,5,0.5,1944,79.27,0,383.36,0.33194,0.04348,-0.16946,0.02256,0.76676,0.49754,0.05669,15,175.1
fulltext,A,False,5,0.6,2064,77.99,0,450.03,0.37735,0.03472,-0.11716,0.01866,0.76791,0.52889,0.05447,15,187.5
fulltext,A,False,5,0.7,2169,76.87,0,518.18,0.39217,0.0276,-0.06123,0.01061,0.72053,0.56493,0.06631,15,205.9
fulltext,A,False,5,0.75,2204,76.5,0,543.76,0.38424,0.03479,-0.0481,0.01437,0.7304,0.54148,0.05511,15,216.0
fulltext,A,False,5,0.8,2236,76.15,0,568.39,0.4,0.03113,-0.02731,0.00793,0.71396,0.55659,0.04485,15,208.7
fulltext,A,False,5,0.9,2307,75.4,0,628.79,0.38346,0.0362,-0.00387,0.01096,0.63876,0.57115,0.05353,15,278.2
fulltext,A,False,5,1.0,2360,74.83,0,679.55,0.3667,0.01976,0.00761,0.0088,0.52036,0.58529,0.06047,15,402.8
fulltext,A,False,6,0.4,1503,83.97,0,288.17,0.32144,0.0249,-0.23821,0.01622,0.79467,0.46744,0.05426,15,149.1
fulltext,A,False,6,0.5,1667,82.22,0,362.38,0.33912,0.04463,-0.17218,0.01569,0.77111,0.5025,0.04484,15,172.6
fulltext,A,False,6,0.6,1787,80.94,0,429.05,0.37491,0.04152,-0.11768,0.02224,0.75867,0.52506,0.06853,15,181.5
fulltext,A,False,6,0.7,1892,79.82,0,497.2,0.3652,0.04453,-0.07002,0.01516,0.70738,0.53765,0.04512,15,210.2
fulltext,A,False,6,0.75,1927,79.45,0,522.77,0.40471,0.03278,-0.03862,0.01173,0.71538,0.55608,0.04941,15,219.6
fulltext,A,False,6,0.8,1959,79.11,0,547.41,0.39777,0.0371,-0.03196,0.00941,0.71742,0.56008,0.05952,15,240.1
fulltext,A,False,6,0.9,2030,78.35,0,607.8,0.38129,0.03962,-0.00294,0.0093,0.63556,0.60012,0.06318,15,262.1
fulltext,A,False,6,1.0,2083,77.79,0,658.56,0.36424,0.02103,0.00566,0.00867,0.5064,0.60812,0.03946,15,295.0
fulltext,A,True,2,0.4,4717,55.99,0,466.97,0.36956,0.02522,-0.26342,0.02541,0.84969,0.46391,0.06028,15,72.7
fulltext,A,True,2,0.5,4882,54.45,0,541.89,0.3421,0.02541,-0.19606,0.01659,0.78729,0.48391,0.04672,15,80.8
fulltext,A,True,2,0.6,4999,53.36,0,606.83,0.34982,0.04138,-0.14349,0.01497,0.76649,0.50246,0.04985,15,173.8
fulltext,A,True,2,0.7,5092,52.5,0,667.27,0.36448,0.03512,-0.0877,0.01303,0.7256,0.51998,0.0675,15,245.4
fulltext,A,True,2,0.75,5129,52.15,0,694.14,0.35552,0.04959,-0.06659,0.00941,0.69333,0.52561,0.05154,15,265.6
fulltext,A,True,2,0.8,5158,51.88,0,716.58,0.37143,0.03148,-0.05306,0.01305,0.70116,0.53973,0.07017,15,280.0
fulltext,A,True,2,0.9,5229,51.22,0,776.59,0.36102,0.03197,-0.01642,0.00984,0.6016,0.55049,0.05281,15,326.8
fulltext,A,True,2,1.0,5264,50.89,0,810.11,0.35883,0.02471,-0.00031,0.01252,0.484,0.57079,0.05338,15,447.0
fulltext,A,True,3,0.4,3449,67.82,0,428.55,0.34176,0.01547,-0.26838,0.02105,0.84133,0.4701,0.06803,15,180.0
fulltext,A,True,3,0.5,3614,66.28,0,503.47,0.3404,0.03744,-0.19599,0.02297,0.79333,0.49098,0.06082,15,201.3
fulltext,A,True,3,0.6,3731,65.19,0,568.41,0.35994,0.02738,-0.13726,0.00896,0.76649,0.51945,0.07032,15,223.7
fulltext,A,True,3,0.7,3824,64.33,0,628.85,0.35185,0.03256,-0.08861,0.0151,0.71947,0.51664,0.06458,15,219.0
fulltext,A,True,3,0.75,3861,63.98,0,655.71,0.37772,0.04177,-0.05586,0.01295,0.69787,0.54982,0.06367,15,70.0
fulltext,A,True,3,0.8,3890,63.71,0,678.15,0.36616,0.03102,-0.04586,0.01064,0.67956,0.54407,0.07175,15,74.9
fulltext,A,True,3,0.9,3961,63.05,0,738.17,0.35929,0.03199,-0.01372,0.00906,0.5872,0.55334,0.06218,15,94.5
fulltext,A,True,3,1.0,3996,62.72,0,771.68,0.34714,0.02175,0.00287,0.00499,0.47156,0.58517,0.05187,15,113.2
fulltext,A,True,4,0.4,2780,74.06,0,398.14,0.343,0.02188,-0.28315,0.01839,0.81867,0.47924,0.06659,15,46.6
fulltext,A,True,4,0.5,2945,72.53,0,473.06,0.35187,0.03832,-0.18954,0.02023,0.78347,0.50038,0.05093,15,53.1
fulltext,A,True,4,0.6,3062,71.43,0,538.0,0.35125,0.04047,-0.13514,0.01543,0.7536,0.52317,0.0591,15,58.3
fulltext,A,True,4,0.7,3155,70.57,0,598.44,0.36662,0.04028,-0.08105,0.01278,0.71698,0.53161,0.06313,15,70.2
fulltext,A,True,4,0.75,3192,70.22,0,625.3,0.37156,0.02847,-0.05472,0.01429,0.69751,0.54675,0.06371,15,72.9
fulltext,A,True,4,0.8,3221,69.95,0,647.74,0.37764,0.02909,-0.04375,0.00942,0.70702,0.54611,0.07052,15,78.1
fulltext,A,True,4,0.9,3292,69.29,0,707.76,0.35764,0.02922,-0.01767,0.00849,0.59778,0.55386,0.05034,15,108.6
fulltext,A,True,4,1.0,3327,68.96,0,741.27,0.34952,0.01873,-0.00067,0.01118,0.48782,0.58943,0.05895,15,152.1
fulltext,A,True,5,0.4,2253,78.98,0,366.2,0.33702,0.02907,-0.27003,0.01744,0.80418,0.48623,0.06041,15,108.1
fulltext,A,True,5,0.5,2418,77.44,0,441.12,0.34016,0.03635,-0.19547,0.01099,0.79129,0.50768,0.06686,15,162.1
fulltext,A,True,5,0.6,2535,76.35,0,506.06,0.33903,0.0256,-0.14609,0.02064,0.75138,0.5233,0.0704,15,179.4
fulltext,A,True,5,0.7,2628,75.48,0,566.5,0.36801,0.02133,-0.07731,0.01488,0.70951,0.55105,0.06056,15,194.4
fulltext,A,True,5,0.75,2665,75.14,0,593.36,0.36547,0.02231,-0.05644,0.01216,0.70498,0.54871,0.06882,15,32290.2
fulltext,A,True,5,0.8,2694,74.87,0,615.8,0.37533,0.03017,-0.04158,0.01513,0.68596,0.55351,0.06356,15,77.2
fulltext,A,True,5,0.9,2765,74.2,0,675.82,0.37375,0.01738,-0.00617,0.00725,0.5856,0.59079,0.07239,15,90.6
fulltext,A,True,5,1.0,2800,73.88,0,709.33,0.35639,0.02215,-0.00102,0.01235,0.50409,0.5825,0.05688,15,120.5
fulltext,A,True,6,0.4,1853,82.71,0,335.89,0.32542,0.02523,-0.27487,0.01016,0.8072,0.4971,0.06017,15,47.4
fulltext,A,True,6,0.5,2018,81.17,0,410.82,0.34761,0.02867,-0.1875,0.01305,0.78178,0.50238,0.0716,15,54.7
fulltext,A,True,6,0.6,2135,80.08,0,475.76,0.35615,0.02747,-0.14044,0.02276,0.76213,0.53159,0.07737,15,59.7
fulltext,A,True,6,0.7,2228,79.21,0,536.2,0.35878,0.03119,-0.08214,0.01504,0.70569,0.53035,0.05486,15,130.3
fulltext,A,True,6,0.75,2265,78.87,0,563.06,0.37776,0.03168,-0.05296,0.0131,0.69111,0.55107,0.05997,15,310.2
fulltext,A,True,6,0.8,2294,78.6,0,585.5,0.38567,0.01974,-0.03874,0.00858,0.69689,0.56938,0.07945,15,311.1
fulltext,A,True,6,0.9,2365,77.94,0,645.52,0.37521,0.01575,-0.00819,0.00687,0.6008,0.59554,0.05888,15,399.8
fulltext,A,True,6,1.0,2400,77.61,0,679.03,0.34054,0.01786,0.00288,0.0038,0.47538,0.60932,0.06187,15,543.2
fulltext,B,False,2,0.4,3798,59.41,0,390.79,0.34048,0.03037,-0.23989,0.02709,0.8128,0.46264,0.04606,15,192.7
fulltext,B,False,2,0.5,3962,57.66,0,465.0,0.35085,0.0325,-0.17281,0.01776,0.77316,0.47802,0.04609,15,216.3
fulltext,B,False,2,0.6,4081,56.39,0,531.11,0.36687,0.03767,-0.12715,0.02074,0.76613,0.50405,0.0589,15,244.5
fulltext,B,False,2,0.7,4184,55.29,0,597.94,0.3775,0.04125,-0.06929,0.01482,0.72124,0.52706,0.0537,15,249.1
fulltext,B,False,2,0.75,4218,54.93,0,622.8,0.37,0.03595,-0.05337,0.0155,0.71484,0.51728,0.06462,15,318.6
fulltext,B,False,2,0.8,4250,54.58,0,647.44,0.38257,0.05024,-0.03474,0.0153,0.69956,0.54809,0.03982,15,304.6
fulltext,B,False,2,0.9,4318,53.86,0,705.21,0.37305,0.0376,-0.01709,0.01625,0.64498,0.54889,0.03373,15,446.1
fulltext,B,False,2,1.0,4360,53.41,0,745.45,0.36134,0.02804,-0.00235,0.01349,0.53111,0.57581,0.04017,15,618.4
fulltext,B,False,3,0.4,2724,70.89,0,358.24,0.3392,0.0262,-0.23549,0.02148,0.80844,0.46506,0.04751,15,186.0
fulltext,B,False,3,0.5,2888,69.14,0,432.45,0.35162,0.02773,-0.16428,0.02205,0.77422,0.49503,0.068,15,249.6
fulltext,B,False,3,0.6,3007,67.87,0,498.56,0.37311,0.0452,-0.11566,0.01766,0.75831,0.51507,0.04807,15,269.2
fulltext,B,False,3,0.7,3110,66.77,0,565.39,0.39097,0.03261,-0.06678,0.01927,0.72844,0.52749,0.06575,15,286.7
fulltext,B,False,3,0.75,3144,66.4,0,590.26,0.37992,0.04237,-0.04841,0.01334,0.71511,0.52864,0.05268,15,281.4
fulltext,B,False,3,0.8,3176,66.06,0,614.89,0.38845,0.03305,-0.03249,0.0067,0.70169,0.55105,0.05448,15,147.5
fulltext,B,False,3,0.9,3244,65.33,0,672.67,0.38532,0.03246,-0.00693,0.0082,0.644,0.55499,0.0507,15,93.8
fulltext,B,False,3,1.0,3286,64.89,0,712.91,0.36635,0.02801,0.00478,0.00997,0.51529,0.58376,0.0424,15,163.5
fulltext,B,False,4,0.4,2188,76.62,0,333.88,0.34342,0.03152,-0.23239,0.02046,0.81218,0.46614,0.05547,15,44.2
fulltext,B,False,4,0.5,2352,74.87,0,408.09,0.33002,0.04064,-0.17707,0.023,0.76453,0.4869,0.06041,15,124.6
fulltext,B,False,4,0.6,2471,73.59,0,474.2,0.38024,0.03143,-0.11276,0.01141,0.76942,0.53199,0.06183,15,145.1
fulltext,B,False,4,0.7,2574,72.49,0,541.03,0.38069,0.03018,-0.06516,0.01333,0.72604,0.53923,0.07008,15,66.3
fulltext,B,False,4,0.75,2608,72.13,0,565.89,0.38406,0.0472,-0.04701,0.01754,0.7184,0.53794,0.03944,15,71.3
fulltext,B,False,4,0.8,2640,71.79,0,590.53,0.38366,0.04033,-0.03581,0.01269,0.72213,0.5596,0.05792,15,77.4
fulltext,B,False,4,0.9,2708,71.06,0,648.3,0.37944,0.03549,-0.00983,0.01303,0.63982,0.56395,0.06168,15,92.4
fulltext,B,False,4,1.0,2750,70.61,0,688.55,0.36819,0.02088,0.00939,0.00557,0.51556,0.58282,0.05766,15,110.1
fulltext,B,False,5,0.4,1780,80.98,0,309.15,0.32668,0.03072,-0.24497,0.01481,0.80667,0.47394,0.04458,15,50.7
fulltext,B,False,5,0.5,1944,79.23,0,383.36,0.33364,0.0433,-0.16589,0.02293,0.76676,0.49754,0.05669,15,55.6
fulltext,B,False,5,0.6,2063,77.95,0,449.47,0.37161,0.02585,-0.12129,0.01161,0.76773,0.52541,0.06116,15,63.0
fulltext,B,False,5,0.7,2166,76.85,0,516.3,0.39399,0.03443,-0.05809,0.01516,0.73022,0.53626,0.05605,15,71.1
fulltext,B,False,5,0.75,2200,76.49,0,541.17,0.38536,0.04267,-0.04325,0.01189,0.71467,0.55212,0.04253,15,73.5
fulltext,B,False,5,0.8,2232,76.15,0,565.8,0.41299,0.0365,-0.02525,0.01046,0.72907,0.56109,0.05265,15,80.4
fulltext,B,False,5,0.9,2300,75.42,0,623.58,0.38484,0.04311,-0.00661,0.01195,0.64142,0.57447,0.04901,15,90.8
fulltext,B,False,5,1.0,2342,74.97,0,663.82,0.37377,0.02379,0.0094,0.00954,0.53502,0.57462,0.04985,15,125.7
fulltext,B,False,6,0.4,1503,83.94,0,288.17,0.32143,0.02531,-0.23501,0.01592,0.79467,0.46744,0.05426,15,49.8
fulltext,B,False,6,0.5,1667,82.19,0,362.38,0.34117,0.04497,-0.16912,0.01533,0.77111,0.5025,0.04484,15,56.3
fulltext,B,False,6,0.6,1786,80.91,0,428.48,0.38006,0.03306,-0.1118,0.01558,0.76898,0.5282,0.04893,15,62.6
fulltext,B,False,6,0.7,1889,79.81,0,495.32,0.38888,0.03836,-0.06016,0.01636,0.71493,0.55594,0.04997,15,72.6
fulltext,B,False,6,0.75,1923,79.45,0,520.18,0.39402,0.03098,-0.04017,0.01237,0.70658,0.56306,0.05692,15,73.1
fulltext,B,False,6,0.8,1955,79.11,0,544.82,0.39284,0.02981,-0.03134,0.00948,0.71511,0.55551,0.04888,15,77.2
fulltext,B,False,6,0.9,2023,78.38,0,602.59,0.36677,0.03385,-0.01232,0.00934,0.62622,0.56775,0.04402,15,88.3
fulltext,B,False,6,1.0,2065,77.93,0,642.83,0.36928,0.0238,0.00248,0.01514,0.52756,0.59193,0.05203,15,126.7
fulltext,B,True,2,0.4,4630,56.32,0,456.73,0.35959,0.02426,-0.25128,0.02451,0.85511,0.47125,0.0513,15,48.3
fulltext,B,True,2,0.5,4797,54.75,0,532.48,0.35783,0.03973,-0.19239,0.01652,0.79431,0.49088,0.05449,15,53.9
fulltext,B,True,2,0.6,4911,53.67,0,595.62,0.35403,0.03826,-0.14039,0.01623,0.7632,0.5061,0.0608,15,59.4
fulltext,B,True,2,0.7,5000,52.83,0,653.5,0.36789,0.03096,-0.08326,0.01786,0.72089,0.52347,0.05258,15,64.8
fulltext,B,True,2,0.75,5034,52.51,0,678.23,0.35472,0.04194,-0.06639,0.01314,0.69813,0.52718,0.04891,15,72.7
fulltext,B,True,2,0.8,5064,52.23,0,701.42,0.37569,0.05229,-0.04582,0.01419,0.70578,0.53178,0.05521,15,80.7
fulltext,B,True,2,0.9,5130,51.61,0,757.26,0.35502,0.02876,-0.01665,0.00794,0.60089,0.5546,0.06031,15,92.4
fulltext,B,True,2,1.0,5159,51.33,0,785.08,0.34044,0.02502,-0.00158,0.00899,0.49556,0.5706,0.04442,15,116.3
fulltext,B,True,3,0.4,3371,68.2,0,418.58,0.34447,0.0286,-0.26502,0.01786,0.83049,0.46053,0.05926,15,49.0
fulltext,B,True,3,0.5,3538,66.63,0,494.33,0.33352,0.02459,-0.19973,0.01258,0.7984,0.49709,0.06366,15,53.5
fulltext,B,True,3,0.6,3652,65.55,0,557.47,0.34031,0.03927,-0.14204,0.01468,0.74569,0.52262,0.04248,15,59.8
fulltext,B,True,3,0.7,3741,64.71,0,615.35,0.36694,0.02146,-0.08267,0.01402,0.71609,0.53433,0.06281,15,71.9
fulltext,B,True,3,0.75,3775,64.39,0,640.08,0.36238,0.03127,-0.05898,0.00978,0.70009,0.52891,0.06398,15,72.5
fulltext,B,True,3,0.8,3805,64.11,0,663.27,0.37742,0.03155,-0.0421,0.01077,0.69609,0.5458,0.06453,15,78.4
fulltext,B,True,3,0.9,3871,63.48,0,719.11,0.36854,0.02605,-0.01269,0.00705,0.60231,0.57088,0.06557,15,93.9
fulltext,B,True,3,1.0,3900,63.21,0,746.92,0.36146,0.02792,-0.00397,0.01986,0.50729,0.57005,0.06094,15,119.0
fulltext,B,True,4,0.4,2711,74.43,0,388.58,0.3293,0.02624,-0.27147,0.01749,0.8176,0.47469,0.05912,15,43.5
fulltext,B,True,4,0.5,2878,72.85,0,464.33,0.35022,0.0234,-0.18426,0.0162,0.78622,0.50405,0.05664,15,47.0
fulltext,B,True,4,0.6,2992,71.78,0,527.47,0.35128,0.03149,-0.13585,0.01579,0.75671,0.52541,0.06068,15,52.4
fulltext,B,True,4,0.7,3081,70.94,0,585.35,0.35513,0.03751,-0.08178,0.01445,0.71049,0.53218,0.06166,15,57.2
fulltext,B,True,4,0.75,3115,70.62,0,610.08,0.36635,0.03136,-0.05898,0.01331,0.69742,0.53429,0.06502,15,61.3
fulltext,B,True,4,0.8,3145,70.33,0,633.27,0.37708,0.02313,-0.04183,0.01236,0.67609,0.55262,0.07529,15,65.8
fulltext,B,True,4,0.9,3211,69.71,0,689.11,0.3718,0.03573,-0.01037,0.01302,0.60471,0.55813,0.06762,15,75.6
fulltext,B,True,4,1.0,3240,69.44,0,716.92,0.37073,0.03352,-0.01237,0.02425,0.52773,0.57107,0.05097,15,107.2
fulltext,B,True,5,0.4,2196,79.28,0,357.36,0.31689,0.02428,-0.27475,0.01493,0.81298,0.46966,0.06618,15,30666.4
fulltext,B,True,5,0.5,2363,77.71,0,433.12,0.31869,0.03315,-0.20001,0.01438,0.77618,0.50122,0.06465,15,55.0
fulltext,B,True,5,0.6,2477,76.63,0,496.26,0.34702,0.04735,-0.13685,0.01674,0.75751,0.52094,0.05859,15,118.2
fulltext,B,True,5,0.7,2566,75.79,0,554.14,0.36745,0.02598,-0.08067,0.01066,0.7064,0.54166,0.06105,15,192.8
fulltext,B,True,5,0.75,2600,75.47,0,578.86,0.37771,0.03727,-0.05323,0.0147,0.70364,0.561,0.06754,15,220.8
fulltext,B,True,5,0.8,2630,75.19,0,602.06,0.38241,0.02365,-0.03831,0.01527,0.69902,0.55677,0.06928,15,234.3
fulltext,B,True,5,0.9,2696,74.57,0,657.89,0.37642,0.03131,-0.00598,0.00883,0.60409,0.57338,0.05544,15,278.2
fulltext,B,True,5,1.0,2725,74.29,0,685.71,0.35565,0.0183,8e-05,0.01006,0.49804,0.59203,0.06011,15,356.0
fulltext,B,True,6,0.4,1807,82.95,0,327.89,0.32651,0.02481,-0.27238,0.01408,0.8064,0.49278,0.06488,15,123.3
fulltext,B,True,6,0.5,1974,81.38,0,403.65,0.33587,0.02714,-0.19173,0.017,0.78373,0.52637,0.08822,15,132.0
fulltext,B,True,6,0.6,2088,80.3,0,466.79,0.36488,0.02229,-0.13395,0.01344,0.74729,0.52829,0.06408,15,166.4
fulltext,B,True,6,0.7,2177,79.46,0,524.67,0.3796,0.02597,-0.07982,0.01384,0.72338,0.54089,0.05849,15,163.2
fulltext,B,True,6,0.75,2211,79.14,0,549.39,0.37064,0.02489,-0.05801,0.01502,0.69538,0.54429,0.07173,15,213.6
fulltext,B,True,6,0.8,2241,78.86,0,572.59,0.37894,0.04291,-0.03859,0.00987,0.684,0.55308,0.06261,15,245.5
fulltext,B,True,6,0.9,2307,78.24,0,628.42,0.37741,0.02422,-0.00469,0.00596,0.60489,0.58661,0.06173,15,282.1
fulltext,B,True,6,1.0,2336,77.96,0,656.24,0.35552,0.01799,7e-05,0.01128,0.5176,0.58625,0.05342,15,367.2
