no_below,no_above,k,vocab_size,total_tokens,mean_tokens_per_doc,median_tokens_per_doc,min_tokens_per_doc,max_tokens_per_doc,n_empty_docs,mean_c_v,mean_c_npmi,stability_js_similarity,mean_topic_diversity,mean_topic_redundancy_jaccard,mean_thin_topic_count_lt3,mean_zero_dominance_topic_count
2,0.5,5,3957,87570,1326.8181818181818,1234.0,311,3800,0,0.3125933459178854,-0.19337789496707888,0.5526646422534548,0.8459999999999999,0.0508733719260035,0.0,0.0
2,0.5,10,3957,87570,1326.8181818181818,1234.0,311,3800,0,0.33275933100262006,-0.18412623153068894,0.4762781797412787,0.782,0.03829336180213373,0.4,0.0
2,0.5,15,3957,87570,1326.8181818181818,1234.0,311,3800,0,0.36233817731757856,-0.16782769040869824,0.46434931514702527,0.7426666666666667,0.031862162087726,2.8,0.0
2,0.6,5,4072,104827,1588.2878787878788,1475.5,367,4566,0,0.3438576782219733,-0.1257656749541808,0.5647328340906186,0.8240000000000001,0.05862828494407442,0.0,0.0
2,0.6,10,4072,104827,1588.2878787878788,1475.5,367,4566,0,0.3742564201706273,-0.1296347532733811,0.5060948536086672,0.791,0.03518103163098003,0.4,0.0
2,0.6,15,4072,104827,1588.2878787878788,1475.5,367,4566,0,0.40298510351628697,-0.11538866501036597,0.4755288478278623,0.7173333333333333,0.03394995444531048,2.8,0.2
2,0.7,5,4181,127046,1924.939393939394,1791.5,423,5826,0,0.3361054610359041,-0.07414503528640777,0.5923648161651192,0.752,0.08437481539648721,0.0,0.0
2,0.7,10,4181,127046,1924.939393939394,1791.5,423,5826,0,0.3425333404970636,-0.08874923887823928,0.5080036229298215,0.7129999999999999,0.05165201776140889,0.0,0.0
2,0.7,15,4181,127046,1924.939393939394,1791.5,423,5826,0,0.3845438794291714,-0.07687112841830847,0.4942915706828132,0.6733333333333333,0.04194950806184773,3.0,0.2
2,0.75,5,4222,140159,2123.621212121212,1960.0,455,6658,0,0.33434622911873585,-0.057032640278087375,0.5961232436128874,0.8020000000000002,0.06938026040193224,0.0,0.0
2,0.75,10,4222,140159,2123.621212121212,1960.0,455,6658,0,0.3680181728164863,-0.062317205374953485,0.5263819607859672,0.704,0.054825124174969375,0.2,0.0
2,0.75,15,4222,140159,2123.621212121212,1960.0,455,6658,0,0.3856538603922308,-0.05854907511848344,0.5011019056817008,0.6726666666666666,0.0457034513115893,3.6,0.0
2,0.8,5,4252,148707,2253.1363636363635,2096.5,504,6962,0,0.33522267679079826,-0.05254813900873635,0.6015317472739703,0.7859999999999999,0.07456917946082031,0.0,0.0
2,0.8,10,4252,148707,2253.1363636363635,2096.5,504,6962,0,0.376642627975995,-0.049302600863557186,0.5417208117296621,0.724,0.05085773007341635,0.6,0.0
2,0.8,15,4252,148707,2253.1363636363635,2096.5,504,6962,0,0.39307106365020283,-0.04069456434257576,0.5090645918043967,0.6613333333333333,0.048566127770162525,4.0,0.2
2,0.85,5,4296,164439,2491.5,2329.5,575,7493,0,0.29673287491966394,-0.045485304254029836,0.6154886720434776,0.764,0.09085310987787767,0.0,0.0
2,0.85,10,4296,164439,2491.5,2329.5,575,7493,0,0.35567577505783204,-0.03519009137151373,0.5389516823182018,0.6769999999999999,0.07508324658995455,1.0,0.0
2,0.85,15,4296,164439,2491.5,2329.5,575,7493,0,0.39383432914989186,-0.024814307179298035,0.5140451898062517,0.6346666666666666,0.06127746271487979,3.6,0.2
2,0.9,5,4326,179591,2721.0757575757575,2603.5,649,7948,0,0.33559065749422384,-0.02325404087656186,0.6585726757343539,0.7120000000000001,0.11964669721635665,0.0,0.0
2,0.9,10,4326,179591,2721.0757575757575,2603.5,649,7948,0,0.364101402640646,-0.014246239767343488,0.5670973357742304,0.633,0.08618903669471266,0.8,0.0
2,0.9,15,4326,179591,2721.0757575757575,2603.5,649,7948,0,0.3971330782254511,-0.007481191092642806,0.5350065757023023,0.5973333333333333,0.07263511897316523,3.8,0.2
2,0.95,5,4350,194333,2944.439393939394,2809.5,708,8998,0,0.3289309402298362,-0.014508917656843373,0.6231490017241414,0.7059999999999998,0.11488355850584953,0.0,0.0
2,0.95,10,4350,194333,2944.439393939394,2809.5,708,8998,0,0.3538802383468149,-0.010488035557127606,0.5605165272754855,0.617,0.08461136447720555,1.0,0.0
2,0.95,15,4350,194333,2944.439393939394,2809.5,708,8998,0,0.396725482825808,0.00010181087548688664,0.5500863166188543,0.578,0.06862504888171521,3.4,0.0
2,1.0,5,4381,235842,3573.3636363636365,3339.0,953,11327,0,0.3315499242446693,0.0002142468752927221,0.65792820539677,0.534,0.2691609296728504,0.0,0.0
2,1.0,10,4381,235842,3573.3636363636365,3339.0,953,11327,0,0.3535664176535436,0.0022276397028390764,0.6090000189714392,0.45600000000000007,0.20232284916499652,1.0,0.0
2,1.0,15,4381,235842,3573.3636363636365,3339.0,953,11327,0,0.36010943747159135,0.006819412469768841,0.5454061281727368,0.43600000000000005,0.17199049634590818,4.0,0.6
3,0.5,5,2913,83392,1263.5151515151515,1172.5,304,3715,0,0.30877030803507816,-0.19564078362141277,0.56004711972964,0.842,0.05192639787067031,0.0,0.0
3,0.5,10,2913,83392,1263.5151515151515,1172.5,304,3715,0,0.31619434724966355,-0.19199775635460972,0.4647008939427718,0.776,0.039158133853696285,0.0,0.0
3,0.5,15,2913,83392,1263.5151515151515,1172.5,304,3715,0,0.34360996421558965,-0.1696607465718712,0.4503099746923385,0.7346666666666666,0.030246755058785137,3.2,0.0
3,0.6,5,3028,100649,1524.9848484848485,1422.0,360,4481,0,0.343118067811899,-0.12871922016875756,0.578148141939448,0.8360000000000001,0.0525445978077557,0.0,0.0
3,0.6,10,3028,100649,1524.9848484848485,1422.0,360,4481,0,0.36324425123395115,-0.12404586491822785,0.49808998248678404,0.7660000000000001,0.04248742420053049,0.6,0.0
3,0.6,15,3028,100649,1524.9848484848485,1422.0,360,4481,0,0.3928555329701062,-0.11098193155335642,0.4906125180102906,0.7226666666666667,0.033766190723289354,2.4,0.0
3,0.7,5,3137,122868,1861.6363636363637,1700.0,416,5741,0,0.3268088434257025,-0.08881257131338953,0.598551018004934,0.798,0.0642797316481527,0.0,0.0
3,0.7,10,3137,122868,1861.6363636363637,1700.0,416,5741,0,0.37994009955430924,-0.07317989926912807,0.5307173728959539,0.731,0.046890231286516114,0.4,0.0
3,0.7,15,3137,122868,1861.6363636363637,1700.0,416,5741,0,0.41618457258781544,-0.06432983203977498,0.5246627409979846,0.678,0.041719385938757896,3.2,0.0
3,0.75,5,3178,135981,2060.318181818182,1902.5,448,6573,0,0.3318388622692142,-0.058370336327056974,0.5951251107669904,0.804,0.06518101131104227,0.0,0.0
3,0.75,10,3178,135981,2060.318181818182,1902.5,448,6573,0,0.35786554303790036,-0.0646941576487797,0.5339677422583631,0.709,0.05341068964391978,0.6,0.0
3,0.75,15,3178,135981,2060.318181818182,1902.5,448,6573,0,0.39489215662365484,-0.05037697940726123,0.516971731973868,0.6626666666666667,0.046672668216233004,3.0,0.0
3,0.8,5,3208,144529,2189.8333333333335,2028.5,497,6877,0,0.3415243965853893,-0.05232994423873096,0.6246977038266164,0.79,0.07220672446678637,0.0,0.0
3,0.8,10,3208,144529,2189.8333333333335,2028.5,497,6877,0,0.3951081916732057,-0.045643614507663646,0.5595152657022375,0.734,0.04992103002422919,0.4,0.0
3,0.8,15,3208,144529,2189.8333333333335,2028.5,497,6877,0,0.41446343055427637,-0.037366845204971126,0.5240062960216587,0.6773333333333333,0.04409164210579514,3.4,0.2
3,0.85,5,3252,160261,2428.1969696969695,2278.5,568,7408,0,0.3382701964605595,-0.02895045597840894,0.6412037886256448,0.748,0.10214734693062866,0.0,0.0
3,0.85,10,3252,160261,2428.1969696969695,2278.5,568,7408,0,0.3692580449116319,-0.027591472115535826,0.5529411104579964,0.664,0.07294411107620602,0.6,0.0
3,0.85,15,3252,160261,2428.1969696969695,2278.5,568,7408,0,0.3949608130027859,-0.025566506256070386,0.5241840041504309,0.634,0.05989237091846557,4.6,0.0
3,0.9,5,3282,175413,2657.7727272727275,2549.5,642,7863,0,0.3287399707503277,-0.025887736725434162,0.6268351523023485,0.718,0.11451248437316548,0.0,0.0
3,0.9,10,3282,175413,2657.7727272727275,2549.5,642,7863,0,0.37201968805045216,-0.014450523912217128,0.5609581017743656,0.64,0.07870344456515768,0.8,0.0
3,0.9,15,3282,175413,2657.7727272727275,2549.5,642,7863,0,0.3937830246838069,-0.006654050792031184,0.539824456085839,0.5860000000000001,0.07437263972439673,4.4,0.2
3,0.95,5,3306,190155,2881.1363636363635,2724.0,701,8913,0,0.33647833349545875,-0.017120296774840362,0.6357836705705465,0.7,0.11346789489354155,0.0,0.0
3,0.95,10,3306,190155,2881.1363636363635,2724.0,701,8913,0,0.4000893507219219,0.004160798557840475,0.5668459251082897,0.6329999999999999,0.0788932915358562,1.4,0.0
3,0.95,15,3306,190155,2881.1363636363635,2724.0,701,8913,0,0.39753589103133247,0.002300695510453507,0.5426164376861318,0.5599999999999999,0.07765399346144378,5.4,0.6
3,1.0,5,3337,231664,3510.060606060606,3234.0,946,11242,0,0.353656394195288,0.005475154642100479,0.6866079513816299,0.5599999999999999,0.2289447459979217,0.0,0.0
3,1.0,10,3337,231664,3510.060606060606,3234.0,946,11242,0,0.3564292748362845,0.005325995694268381,0.5954447577202453,0.458,0.20237275774907504,1.8,0.6
3,1.0,15,3337,231664,3510.060606060606,3234.0,946,11242,0,0.3751017481299905,0.010616037604818555,0.5759497916765912,0.44266666666666665,0.16594965157077596,4.8,1.2
4,0.5,5,2361,79920,1210.909090909091,1134.5,289,3590,0,0.3105677550750685,-0.17374511891174294,0.5643011460714707,0.8460000000000001,0.04723093249409038,0.0,0.0
4,0.5,10,2361,79920,1210.909090909091,1134.5,289,3590,0,0.3285120113352164,-0.17242823442606295,0.49238433554295524,0.758,0.04061467500063991,0.2,0.0
4,0.5,15,2361,79920,1210.909090909091,1134.5,289,3590,0,0.36515620472243293,-0.16512002294429332,0.46190363980950055,0.7006666666666665,0.034996537818298104,2.8,0.4
4,0.6,5,2476,97177,1472.378787878788,1374.5,345,4356,0,0.3498533772929856,-0.11559766495281767,0.5913211966031664,0.86,0.044652170967960446,0.0,0.0
4,0.6,10,2476,97177,1472.378787878788,1374.5,345,4356,0,0.3570918181993731,-0.12935020387195112,0.5130131937135363,0.757,0.044088931766950334,0.4,0.0
4,0.6,15,2476,97177,1472.378787878788,1374.5,345,4356,0,0.3688393045691214,-0.11539579380917572,0.4732062761464279,0.7106666666666667,0.037136275849377384,1.6,0.2
4,0.7,5,2585,119396,1809.030303030303,1649.5,401,5616,0,0.35048029718771434,-0.07072629002440325,0.6120915648789971,0.7739999999999999,0.07315789575851495,0.0,0.0
4,0.7,10,2585,119396,1809.030303030303,1649.5,401,5616,0,0.3950571182329645,-0.0655731359238908,0.5350968841125875,0.716,0.049896869463432934,0.2,0.0
4,0.7,15,2585,119396,1809.030303030303,1649.5,401,5616,0,0.4017305488561248,-0.06859158739819199,0.5079618304326621,0.6753333333333333,0.04171919381118851,3.4,0.0
4,0.75,5,2626,132509,2007.7121212121212,1837.5,433,6448,0,0.3667649005155331,-0.0466903986146317,0.6365394150743295,0.8099999999999999,0.061855659564637885,0.0,0.0
4,0.75,10,2626,132509,2007.7121212121212,1837.5,433,6448,0,0.38493111442221356,-0.05278475773467176,0.5620591190016204,0.72,0.049280234161555116,0.2,0.0
4,0.75,15,2626,132509,2007.7121212121212,1837.5,433,6448,0,0.4139469261649026,-0.04549842958659854,0.5329009662738782,0.6606666666666667,0.04454779957654792,2.8,0.0
4,0.8,5,2656,141057,2137.2272727272725,1959.5,482,6752,0,0.3357296716498531,-0.04829499777168343,0.6132286535666895,0.7899999999999999,0.07795317634326922,0.0,0.0
4,0.8,10,2656,141057,2137.2272727272725,1959.5,482,6752,0,0.3892768791046196,-0.03999362527618168,0.5460785651228421,0.725,0.05044943621860296,0.2,0.0
4,0.8,15,2656,141057,2137.2272727272725,1959.5,482,6752,0,0.4250766678215266,-0.029542551555980644,0.5251764621806541,0.6759999999999999,0.043572279308679136,3.2,0.2
4,0.85,5,2700,156789,2375.590909090909,2225.0,553,7283,0,0.34755296899343124,-0.02543389722330223,0.6421383236293119,0.766,0.08489047133009982,0.0,0.0
4,0.85,10,2700,156789,2375.590909090909,2225.0,553,7283,0,0.37053793577979227,-0.02332561179387152,0.561970449110895,0.6769999999999999,0.07184901115757669,0.8,0.0
4,0.85,15,2700,156789,2375.590909090909,2225.0,553,7283,0,0.40438734750248495,-0.01586719572913056,0.5360532910763441,0.6333333333333333,0.05932169125004154,4.4,0.0
4,0.9,5,2730,171941,2605.1666666666665,2503.5,627,7738,0,0.3342289128296456,-0.01917077097444495,0.6512018627332646,0.71,0.11381026972358241,0.0,0.0
4,0.9,10,2730,171941,2605.1666666666665,2503.5,627,7738,0,0.38313529153619885,-0.009138379000932426,0.5906259780369049,0.614,0.08954980364714378,0.6,0.0
4,0.9,15,2730,171941,2605.1666666666665,2503.5,627,7738,0,0.4098588049851804,-0.0007994835154752067,0.5630556294206779,0.588,0.07222736937250433,3.8,0.4
4,0.95,5,2754,186683,2828.530303030303,2669.5,686,8788,0,0.3547215917656215,-0.0063373949019358096,0.6821024791952623,0.7200000000000001,0.10028014199990631,0.0,0.0
4,0.95,10,2754,186683,2828.530303030303,2669.5,686,8788,0,0.3815018269924761,-0.001431685068661779,0.5868461569413952,0.603,0.09115115574418481,0.8,0.0
4,0.95,15,2754,186683,2828.530303030303,2669.5,686,8788,0,0.394560162724754,0.002996647656450786,0.5697192995405564,0.562,0.07798128478129698,4.0,0.2
4,1.0,5,2785,228192,3457.4545454545455,3179.5,931,11117,0,0.34793138712610866,0.00728906977828233,0.6718945629574608,0.588,0.21981769674458831,0.2,0.0
4,1.0,10,2785,228192,3457.4545454545455,3179.5,931,11117,0,0.3605315013090796,0.006719219111941015,0.5854719459929931,0.488,0.18403112486097706,1.4,0.2
4,1.0,15,2785,228192,3457.4545454545455,3179.5,931,11117,0,0.3742179339085941,0.010274250608691247,0.5736457831237193,0.43933333333333324,0.16817330304927788,4.4,0.6
5,0.5,5,1986,76670,1161.6666666666667,1102.5,280,3487,0,0.3205648136515404,-0.18727678476402992,0.5695587615414158,0.852,0.04345430450693608,0.0,0.0
5,0.5,10,1986,76670,1161.6666666666667,1102.5,280,3487,0,0.3449056189933282,-0.1659980207849298,0.499182822787861,0.761,0.04013664851642147,0.8,0.2
5,0.5,15,1986,76670,1161.6666666666667,1102.5,280,3487,0,0.370707674404011,-0.16515650919848296,0.4704287785747252,0.728,0.029950030250782127,2.0,0.0
5,0.6,5,2101,93927,1423.1363636363637,1337.0,336,4253,0,0.35201330333189224,-0.1199724822768197,0.6124517848802823,0.8420000000000002,0.052180867970341646,0.0,0.0
5,0.6,10,2101,93927,1423.1363636363637,1337.0,336,4253,0,0.3528045282775678,-0.12724673919463936,0.5086419214399254,0.756,0.04378703321943776,0.4,0.0
5,0.6,15,2101,93927,1423.1363636363637,1337.0,336,4253,0,0.3993242058437897,-0.11157430629102065,0.49906184185245034,0.7153333333333334,0.0351037932330823,3.8,0.2
5,0.7,5,2210,116146,1759.7878787878788,1608.5,392,5513,0,0.3463721733125348,-0.07422142171583128,0.6063015235994016,0.8,0.06301232195969039,0.0,0.0
5,0.7,10,2210,116146,1759.7878787878788,1608.5,392,5513,0,0.39214779307083364,-0.06364857302830786,0.5373764016335354,0.7189999999999999,0.04876568513307419,0.6,0.0
5,0.7,15,2210,116146,1759.7878787878788,1608.5,392,5513,0,0.41374918355492546,-0.05721543777624098,0.531131703259698,0.6666666666666667,0.04234750136710921,3.0,0.2
5,0.75,5,2251,129259,1958.469696969697,1801.5,424,6345,0,0.34020614974309576,-0.053377410990468735,0.6125720669309765,0.812,0.067512023301497,0.0,0.0
5,0.75,10,2251,129259,1958.469696969697,1801.5,424,6345,0,0.3941220489417671,-0.04377933256565923,0.5590783773460236,0.7150000000000001,0.05171437566690405,0.2,0.0
5,0.75,15,2251,129259,1958.469696969697,1801.5,424,6345,0,0.4046037054520556,-0.04536631719144273,0.5343777974836927,0.6699999999999999,0.04512913064438938,3.4,0.0
5,0.8,5,2281,137807,2087.9848484848485,1924.5,473,6649,0,0.35004165855640534,-0.04738814838212519,0.6238591115059628,0.7979999999999999,0.06811888266996625,0.0,0.0
5,0.8,10,2281,137807,2087.9848484848485,1924.5,473,6649,0,0.3858504134902033,-0.04518231002715231,0.552517865749459,0.735,0.0470078854805377,0.8,0.0
5,0.8,15,2281,137807,2087.9848484848485,1924.5,473,6649,0,0.42708949638624844,-0.02712961441918104,0.5281546862061621,0.6679999999999999,0.043171506877831514,2.6,0.2
5,0.85,5,2325,153539,2326.348484848485,2187.0,544,7180,0,0.35360980289736144,-0.027320314823312864,0.6369651304562648,0.78,0.08108023439292789,0.0,0.0
5,0.85,10,2325,153539,2326.348484848485,2187.0,544,7180,0,0.37728130530678994,-0.019321809949295166,0.5698371299450172,0.6770000000000002,0.06885599636889626,0.2,0.0
5,0.85,15,2325,153539,2326.348484848485,2187.0,544,7180,0,0.41635568566183495,-0.01124874013341343,0.5448206183455497,0.6173333333333334,0.062189728001315794,3.0,0.0
5,0.9,5,2355,168691,2555.9242424242425,2460.0,618,7635,0,0.33883822107234735,-0.02098704853321105,0.6453870466849885,0.74,0.09933329006084424,0.0,0.0
5,0.9,10,2355,168691,2555.9242424242425,2460.0,618,7635,0,0.3809571953076227,-0.01285704890608425,0.5805945762437164,0.649,0.07646570061430742,0.4,0.0
5,0.9,15,2355,168691,2555.9242424242425,2460.0,618,7635,0,0.41292758155710063,-0.003116337632901515,0.5644924813375625,0.5926666666666668,0.07074201002137542,3.6,0.0
5,0.95,5,2379,183433,2779.287878787879,2618.5,677,8685,0,0.352164982202922,-0.0069689653022080075,0.6640860853146335,0.7300000000000001,0.10225493906608456,0.0,0.0
5,0.95,10,2379,183433,2779.287878787879,2618.5,677,8685,0,0.38398097616513527,0.0009402733120423345,0.5992634318400257,0.62,0.08613585033605674,0.8,0.0
5,0.95,15,2379,183433,2779.287878787879,2618.5,677,8685,0,0.40768243181637,0.007466536162863818,0.556195744775775,0.5766666666666667,0.07036674860660821,5.0,0.0
5,1.0,5,2410,224942,3408.212121212121,3128.5,922,11014,0,0.34673029842395053,0.0026254674707016958,0.6821893053579187,0.5780000000000001,0.22357481893109715,0.0,0.0
5,1.0,10,2410,224942,3408.212121212121,3128.5,922,11014,0,0.35445776847983984,0.005458067878548831,0.5957699548811892,0.487,0.18332751342171277,1.8,0.2
5,1.0,15,2410,224942,3408.212121212121,3128.5,922,11014,0,0.3740682767965056,0.011781426506294018,0.5633179379153415,0.46066666666666667,0.15617242023782488,4.8,1.0
