representation,k,rep,sampling_seed,n_sampled,js_similarity,ari,nmi,thin_topics_lt5,zero_topics,normalized_entropy,entropy_delta,wall_seconds
fulltext,3,1,1,53,0.77075,0.45861,0.47654,0,0,0.95187,-0.02014,2.4
fulltext,3,2,2,53,0.84833,0.6971,0.6512,0,0,0.98782,0.01581,2.2
fulltext,3,3,3,53,0.858,0.84751,0.80397,0,0,0.98958,0.01758,2.3
fulltext,3,4,4,53,0.84847,0.71402,0.70965,0,0,0.96156,-0.01044,2.4
fulltext,3,5,5,53,0.81724,0.62721,0.63637,0,0,0.97895,0.00695,2.3
fulltext,3,6,6,53,0.75643,0.42755,0.43202,0,0,0.95252,-0.01949,2.1
fulltext,3,7,7,53,0.81845,0.65579,0.58941,0,0,0.96943,-0.00257,2.3
fulltext,3,8,8,53,0.82575,0.65763,0.66855,0,0,0.93497,-0.03703,2.3
fulltext,3,9,9,53,0.85625,0.72699,0.71511,0,0,0.99872,0.02672,2.3
fulltext,3,10,10,53,0.7892,0.57909,0.5392,0,0,0.99376,0.02176,2.3
fulltext,3,11,11,53,0.84529,0.87904,0.85756,0,0,0.93497,-0.03703,2.3
fulltext,3,12,12,53,0.81704,0.61748,0.57556,0,0,0.96279,-0.00921,2.3
fulltext,3,13,13,53,0.859,0.82797,0.79507,0,0,0.97982,0.00782,2.5
fulltext,3,14,14,53,0.83464,0.8077,0.76397,0,0,0.98782,0.01581,2.4
fulltext,3,15,15,53,0.83797,0.90374,0.8921,0,0,0.95252,-0.01949,2.3
fulltext,3,16,16,53,0.8907,1.0,1.0,0,0,0.99376,0.02176,2.3
fulltext,3,17,17,53,0.85062,0.82129,0.84711,0,0,0.96156,-0.01044,2.3
fulltext,3,18,18,53,0.85627,0.88106,0.85695,0,0,0.92592,-0.04608,2.2
fulltext,3,19,19,53,0.83678,0.84746,0.82477,0,0,0.98428,0.01228,2.4
fulltext,3,20,20,53,0.86126,1.0,1.0,0,0,0.96401,-0.00799,2.2
fulltext,3,21,21,53,0.78989,0.74675,0.71456,0,0,0.95787,-0.01413,2.2
fulltext,3,22,22,53,0.84394,0.93542,0.92901,0,0,0.96972,-0.00228,2.2
fulltext,3,23,23,53,0.86405,0.83696,0.79567,0,0,0.95745,-0.01456,2.4
fulltext,3,24,24,53,0.80666,0.69706,0.65573,0,0,0.97476,0.00276,2.4
fulltext,3,25,25,53,0.78524,0.55192,0.50853,0,0,0.94771,-0.02429,2.3
fulltext,3,26,26,53,0.86614,0.83358,0.79854,0,0,0.97982,0.00782,2.3
fulltext,3,27,27,53,0.81903,0.67845,0.67911,0,0,0.98428,0.01228,2.4
fulltext,3,28,28,53,0.84159,0.85907,0.82673,0,0,0.96279,-0.00921,2.3
fulltext,3,29,29,53,0.83974,0.93626,0.93018,0,0,0.9824,0.0104,2.3
fulltext,3,30,30,53,0.76618,0.42348,0.43245,0,0,0.9718,-0.0002,2.4
fulltext,3,31,31,53,0.84385,0.94956,0.93422,0,0,0.9824,0.0104,2.2
fulltext,3,32,32,53,0.80533,0.59657,0.6065,0,0,0.99967,0.02767,2.2
fulltext,3,33,33,53,0.89,1.0,1.0,0,0,0.96155,-0.01045,2.3
fulltext,3,34,34,53,0.82594,0.7437,0.71753,0,0,0.9801,0.00809,2.3
fulltext,3,35,35,53,0.8348,0.88326,0.85862,0,0,0.93536,-0.03665,2.3
fulltext,3,36,36,53,0.82197,0.59314,0.65964,0,0,0.98428,0.01228,2.3
fulltext,3,37,37,53,0.84658,0.78119,0.75743,0,0,0.98782,0.01581,2.4
fulltext,3,38,38,53,0.87979,0.90157,0.8931,0,0,0.99105,0.01904,2.2
fulltext,3,39,39,53,0.89476,1.0,1.0,0,0,0.98428,0.01228,2.4
fulltext,3,40,40,53,0.80176,0.66688,0.68504,0,0,0.96279,-0.00921,2.4
fulltext,3,41,41,53,0.77981,0.53577,0.52789,0,0,0.99376,0.02176,2.2
fulltext,3,42,42,53,0.88835,0.87175,0.88054,0,0,0.96483,-0.00717,2.2
fulltext,3,43,43,53,0.77878,0.62738,0.62157,0,0,0.99105,0.01904,2.2
fulltext,3,44,44,53,0.83262,0.78882,0.76044,0,0,0.99585,0.02385,2.3
fulltext,3,45,45,53,0.73858,0.45683,0.48719,0,0,0.98428,0.01228,2.0
fulltext,3,46,46,53,0.8492,0.81813,0.81218,0,0,0.96466,-0.00734,2.2
fulltext,3,47,47,53,0.83908,0.71826,0.71692,0,0,0.9718,-0.0002,2.3
fulltext,3,48,48,53,0.86022,0.90109,0.86702,0,0,0.95787,-0.01413,2.3
fulltext,3,49,49,53,0.6589,0.11189,0.17127,0,0,0.99872,0.02672,2.2
fulltext,3,50,50,53,0.82359,0.68759,0.64092,0,0,0.97982,0.00782,2.1
fulltext,3,51,51,53,0.77272,0.74431,0.71645,0,0,0.96466,-0.00734,2.2
fulltext,3,52,52,53,0.84096,0.72914,0.70853,0,0,0.91256,-0.05944,2.3
fulltext,3,53,53,53,0.85912,0.90527,0.89371,0,0,0.9865,0.0145,2.2
fulltext,3,54,54,53,0.80499,0.71303,0.70216,0,0,0.95167,-0.02034,2.3
fulltext,3,55,55,53,0.82998,0.87381,0.85906,0,0,0.97309,0.00108,2.3
fulltext,3,56,56,53,0.8191,0.83039,0.79498,0,0,0.96972,-0.00228,2.2
fulltext,3,57,57,53,0.76733,0.47194,0.48718,0,0,0.99967,0.02767,2.2
fulltext,3,58,58,53,0.82792,0.73664,0.72472,0,0,0.99585,0.02385,2.2
fulltext,3,59,59,53,0.79467,0.63316,0.61149,0,0,0.91002,-0.06198,2.1
fulltext,3,60,60,53,0.80945,0.81446,0.76422,0,0,0.97982,0.00782,2.4
fulltext,3,61,61,53,0.80057,0.73202,0.70983,0,0,0.97895,0.00695,2.2
fulltext,3,62,62,53,0.73239,0.40376,0.37445,0,0,0.99105,0.01904,2.4
fulltext,3,63,63,53,0.87161,0.84788,0.85801,0,0,0.99467,0.02267,2.5
fulltext,3,64,64,53,0.87273,0.82304,0.81919,0,0,0.97895,0.00695,2.3
fulltext,3,65,65,53,0.7727,0.57981,0.56669,0,0,0.96972,-0.00228,0.4
fulltext,3,66,66,53,0.86622,0.89232,0.86658,0,0,0.9865,0.0145,0.4
fulltext,3,67,67,53,0.79484,0.44864,0.54248,0,0,0.9865,0.0145,0.4
fulltext,3,68,68,53,0.86099,0.89211,0.86466,0,0,0.9755,0.0035,0.4
fulltext,3,69,69,53,0.86783,0.9443,0.93152,0,0,0.95167,-0.02034,0.4
fulltext,3,70,70,53,0.83006,0.69151,0.65966,0,0,0.99105,0.01904,0.4
fulltext,3,71,71,53,0.80924,0.57617,0.63733,0,0,0.96943,-0.00257,0.4
fulltext,3,72,72,53,0.79339,0.73622,0.68463,0,0,0.9755,0.0035,0.4
fulltext,3,73,73,53,0.8613,0.72705,0.69044,0,0,0.98958,0.01758,0.4
fulltext,3,74,74,53,0.8432,0.77134,0.75271,0,0,0.97895,0.00695,0.4
fulltext,3,75,75,53,0.83984,0.79283,0.77688,0,0,0.94419,-0.02782,0.4
fulltext,3,76,76,53,0.78196,0.63808,0.62982,0,0,0.95167,-0.02034,0.4
fulltext,3,77,77,53,0.86258,0.83494,0.7992,0,0,0.98326,0.01126,0.4
fulltext,3,78,78,53,0.83296,0.90063,0.89118,0,0,0.97476,0.00276,0.4
fulltext,3,79,79,53,0.78507,0.80497,0.75668,0,0,0.95787,-0.01413,0.4
fulltext,3,80,80,53,0.735,0.33247,0.40469,0,0,0.99467,0.02267,0.4
fulltext,3,81,81,53,0.76574,0.47965,0.55127,0,0,0.99105,0.01904,0.4
fulltext,3,82,82,53,0.75247,0.52395,0.4598,0,0,0.96943,-0.00257,0.4
fulltext,3,83,83,53,0.75765,0.41454,0.42397,0,0,0.98428,0.01228,0.4
fulltext,3,84,84,53,0.82781,0.58589,0.62476,0,0,0.99967,0.02767,0.4
fulltext,3,85,85,53,0.76221,0.4165,0.50193,0,0,0.94771,-0.02429,0.4
fulltext,3,86,86,53,0.87349,0.93575,0.9288,0,0,0.96972,-0.00228,0.5
fulltext,3,87,87,53,0.80897,0.77234,0.7843,0,0,0.98782,0.01581,0.4
fulltext,3,88,88,53,0.85114,0.84454,0.82481,0,0,0.96972,-0.00228,0.4
fulltext,3,89,89,53,0.7785,0.62725,0.67579,0,0,0.96943,-0.00257,0.4
fulltext,3,90,90,53,0.72444,0.35039,0.37418,0,0,0.99376,0.02176,0.4
fulltext,3,91,91,53,0.83736,0.75309,0.69594,0,0,0.9865,0.0145,0.5
fulltext,3,92,92,53,0.80301,0.61751,0.67303,0,0,0.94932,-0.02269,0.5
fulltext,3,93,93,53,0.76468,0.41266,0.39928,0,0,0.99105,0.01904,0.4
fulltext,3,94,94,53,0.86849,0.84921,0.85758,0,0,0.98958,0.01758,0.5
fulltext,3,95,95,53,0.74897,0.32642,0.34724,0,0,0.9755,0.0035,0.4
fulltext,3,96,96,53,0.8802,1.0,1.0,0,0,0.97982,0.00782,0.4
fulltext,3,97,97,53,0.82393,0.81214,0.7647,0,0,0.97309,0.00108,0.4
fulltext,3,98,98,53,0.84405,0.88125,0.8611,0,0,0.96466,-0.00734,0.5
fulltext,3,99,99,53,0.86939,0.82397,0.82001,0,0,0.99467,0.02267,0.5
fulltext,3,100,100,53,0.84809,1.0,1.0,0,0,0.96972,-0.00228,0.5
