rep,seed,n_sampled,sampled_study_ids,topic_similarity_js,ari,nmi
0,0,53,S71;S66;S70;S65;S01;S02;S03;S06;S07;S08;S09;S10;S11;S12;S13;S14;S15;S16;S17;S18;S19;S20;S23;S24;S25;S26;S27;S28;S29;S31;S32;S34;S35;S36;S38;S41;S43;S42;S44;S45;S62;S63;S49;S50;S51;S64;S52;S54;S55;S56;S57;S59;S60,0.5098698898184026,0.19688845685230066,0.45858545795876443
1,1,53,S71;S66;S70;S65;S03;S05;S06;S07;S08;S09;S11;S12;S13;S14;S15;S18;S19;S20;S22;S25;S61;S26;S27;S28;S29;S30;S31;S32;S33;S34;S35;S36;S39;S40;S41;S43;S42;S44;S45;S46;S62;S63;S47;S49;S50;S51;S64;S54;S55;S56;S57;S58;S60,0.550611038498759,0.24542610478115146,0.5017205718226039
2,2,53,S71;S66;S70;S01;S02;S05;S06;S08;S09;S11;S14;S15;S17;S18;S19;S21;S22;S23;S24;S25;S61;S26;S27;S28;S29;S30;S31;S34;S35;S36;S38;S39;S40;S41;S43;S42;S44;S45;S46;S63;S47;S49;S50;S64;S52;S53;S54;S55;S56;S57;S58;S59;S60,0.5014498842719914,0.2688879456706282,0.43254761828583616
3,3,53,S71;S66;S70;S65;S01;S05;S06;S07;S08;S09;S10;S11;S12;S13;S14;S16;S17;S20;S21;S22;S23;S24;S25;S27;S28;S29;S30;S31;S32;S34;S35;S38;S39;S40;S42;S45;S46;S62;S63;S47;S49;S50;S51;S64;S52;S53;S54;S55;S56;S57;S58;S59;S60,0.5653789277819858,0.31423691464568476,0.5590260060578268
4,4,53,S71;S66;S70;S65;S01;S02;S03;S05;S06;S07;S08;S09;S10;S11;S12;S13;S14;S15;S16;S17;S18;S19;S21;S22;S23;S25;S61;S27;S28;S29;S30;S31;S32;S34;S35;S36;S40;S41;S42;S44;S45;S46;S62;S47;S49;S64;S53;S54;S56;S57;S58;S59;S60,0.5246466899019999,0.20208768267223381,0.48842374269996264
5,5,53,S71;S65;S01;S02;S03;S05;S06;S07;S08;S09;S10;S11;S13;S15;S16;S17;S18;S19;S20;S21;S22;S24;S25;S61;S26;S27;S29;S30;S31;S33;S34;S35;S38;S39;S41;S43;S42;S44;S46;S62;S63;S47;S48;S49;S64;S53;S54;S55;S56;S57;S58;S59;S60,0.5269256731897913,0.23645451577451707,0.5117080755434533
6,6,53,S71;S66;S70;S65;S02;S03;S07;S08;S09;S10;S12;S13;S14;S15;S16;S17;S18;S19;S20;S21;S22;S24;S25;S61;S26;S27;S28;S29;S30;S31;S32;S33;S34;S35;S40;S41;S43;S42;S44;S45;S46;S62;S47;S49;S50;S51;S64;S53;S54;S55;S56;S57;S60,0.5192030350899559,0.21078127049359507,0.463984219165168
7,7,53,S70;S65;S01;S02;S03;S05;S06;S07;S09;S11;S12;S13;S14;S15;S16;S17;S18;S19;S21;S23;S24;S25;S27;S28;S29;S31;S32;S33;S34;S35;S36;S39;S40;S41;S43;S42;S45;S46;S62;S63;S47;S48;S50;S51;S52;S53;S54;S55;S56;S57;S58;S59;S60,0.4925840028060732,0.15130902241317276,0.3957134522333507
8,8,53,S66;S70;S65;S01;S02;S03;S05;S06;S07;S08;S10;S11;S12;S13;S14;S15;S17;S19;S20;S22;S23;S24;S25;S61;S26;S27;S28;S29;S30;S31;S32;S33;S35;S38;S39;S41;S42;S44;S45;S46;S62;S63;S47;S48;S50;S64;S53;S54;S55;S56;S57;S58;S60,0.4661010808912798,0.16829805055100264,0.4504492314785557
9,9,53,S71;S66;S70;S65;S01;S02;S03;S05;S06;S08;S09;S10;S11;S13;S14;S15;S16;S19;S20;S21;S22;S23;S24;S25;S61;S26;S28;S29;S30;S31;S32;S34;S35;S36;S39;S40;S41;S43;S42;S44;S45;S46;S62;S48;S50;S51;S64;S52;S53;S54;S57;S58;S59,0.5316442896974969,0.2606729516363915,0.5549578896402702
10,10,53,S71;S66;S70;S01;S02;S03;S05;S06;S07;S08;S09;S10;S11;S12;S13;S14;S15;S16;S17;S18;S20;S21;S22;S24;S25;S61;S26;S27;S28;S30;S31;S33;S34;S35;S36;S39;S40;S41;S42;S45;S46;S63;S47;S48;S49;S50;S64;S52;S53;S54;S56;S58;S60,0.5090874411080264,0.16547738397122133,0.430689154541458
11,11,53,S71;S70;S65;S01;S02;S03;S05;S07;S08;S09;S10;S12;S13;S14;S16;S17;S18;S22;S23;S24;S25;S61;S26;S27;S28;S29;S30;S31;S32;S33;S34;S35;S36;S38;S39;S40;S41;S43;S45;S46;S62;S63;S47;S48;S50;S52;S53;S54;S55;S56;S57;S59;S60,0.49521815248960654,0.353479527933365,0.5515126007057964
12,12,53,S71;S66;S70;S65;S01;S02;S05;S06;S07;S08;S10;S11;S12;S14;S15;S19;S21;S22;S23;S24;S61;S26;S27;S28;S29;S30;S31;S32;S33;S34;S35;S36;S38;S39;S40;S41;S43;S42;S45;S46;S63;S47;S50;S51;S64;S52;S54;S55;S56;S57;S58;S59;S60,0.5015734518114099,0.22655372997244616,0.46624635803982056
13,13,53,S71;S66;S65;S01;S02;S05;S06;S07;S08;S09;S11;S12;S14;S15;S16;S18;S19;S20;S21;S22;S23;S24;S25;S61;S26;S28;S29;S30;S31;S32;S34;S35;S39;S40;S41;S43;S42;S44;S45;S46;S63;S48;S49;S50;S51;S64;S52;S53;S54;S56;S57;S59;S60,0.4963690805302332,0.34968472661012284,0.5411175730463375
14,14,53,S71;S70;S65;S01;S02;S03;S05;S06;S07;S08;S09;S10;S11;S12;S14;S15;S16;S17;S18;S19;S20;S21;S22;S23;S24;S61;S26;S28;S30;S31;S32;S33;S35;S38;S40;S41;S42;S44;S45;S46;S62;S63;S48;S51;S52;S53;S54;S55;S56;S57;S58;S59;S60,0.541330786427487,0.3345971044319145,0.5267205787552721
15,15,53,S71;S66;S70;S65;S01;S03;S05;S06;S07;S08;S09;S10;S11;S12;S13;S14;S15;S16;S17;S18;S19;S20;S21;S22;S23;S24;S25;S61;S26;S27;S29;S30;S31;S32;S34;S35;S39;S40;S41;S43;S42;S44;S46;S47;S48;S49;S64;S52;S53;S55;S57;S59;S60,0.47918199110823567,0.3072456235275071,0.49915196677021156
16,16,53,S71;S66;S70;S02;S06;S07;S09;S11;S12;S13;S14;S15;S16;S17;S18;S19;S23;S24;S61;S26;S27;S29;S30;S31;S32;S33;S34;S35;S36;S38;S39;S40;S41;S43;S42;S44;S45;S46;S63;S47;S48;S49;S50;S51;S52;S53;S54;S55;S56;S57;S58;S59;S60,0.5030273245023946,0.14180837330539756,0.3944252773973301
17,17,53,S71;S66;S70;S65;S01;S05;S06;S07;S08;S09;S10;S11;S12;S13;S14;S15;S16;S17;S18;S19;S20;S22;S23;S24;S25;S26;S28;S29;S30;S31;S32;S33;S34;S35;S38;S39;S40;S41;S42;S44;S45;S46;S62;S48;S49;S50;S64;S52;S54;S56;S58;S59;S60,0.4968182096868762,0.1356501270465442,0.3612843935574747
18,18,53,S71;S65;S05;S06;S07;S08;S09;S10;S11;S13;S14;S15;S16;S17;S18;S19;S20;S21;S22;S25;S61;S26;S27;S28;S29;S30;S33;S34;S35;S36;S38;S39;S40;S41;S43;S42;S44;S46;S62;S63;S47;S48;S49;S50;S64;S52;S53;S54;S55;S56;S58;S59;S60,0.5330758310968735,0.2943059245270941,0.5413884554164216
19,19,53,S66;S70;S65;S01;S02;S03;S05;S07;S10;S11;S12;S13;S14;S15;S16;S17;S18;S19;S20;S22;S23;S24;S25;S61;S26;S27;S28;S29;S30;S31;S32;S33;S34;S35;S36;S38;S39;S40;S41;S44;S46;S62;S63;S47;S48;S49;S50;S51;S52;S53;S54;S58;S60,0.5208164189266824,0.15329782381700913,0.39293660303095906
20,20,53,S71;S66;S70;S65;S01;S02;S03;S05;S06;S07;S08;S10;S11;S12;S13;S17;S18;S19;S20;S22;S23;S24;S25;S61;S27;S28;S29;S30;S31;S32;S33;S34;S36;S38;S39;S40;S41;S42;S44;S45;S63;S47;S48;S49;S51;S64;S52;S55;S56;S57;S58;S59;S60,0.5213114390101814,0.11492242595204513,0.3892291740415817
21,21,53,S71;S66;S70;S65;S01;S02;S05;S07;S08;S09;S10;S11;S12;S13;S15;S16;S19;S20;S21;S24;S25;S61;S26;S27;S28;S29;S30;S31;S33;S34;S35;S38;S39;S40;S43;S42;S45;S46;S62;S63;S47;S48;S49;S50;S51;S64;S52;S53;S55;S57;S58;S59;S60,0.5147653267681258,0.12774125045942744,0.4122713277665024
22,22,53,S71;S66;S65;S01;S02;S05;S06;S07;S08;S09;S10;S11;S12;S14;S15;S17;S18;S20;S21;S22;S24;S25;S61;S26;S27;S28;S30;S32;S33;S34;S35;S36;S39;S40;S41;S43;S42;S45;S46;S62;S63;S49;S50;S64;S52;S53;S54;S55;S56;S57;S58;S59;S60,0.5121927921758695,0.2153130287648054,0.4481553903944721
23,23,53,S71;S66;S70;S65;S02;S03;S06;S07;S08;S09;S10;S11;S12;S13;S14;S15;S16;S17;S18;S19;S20;S21;S22;S24;S25;S61;S26;S27;S28;S29;S30;S31;S32;S33;S34;S36;S38;S41;S42;S44;S45;S46;S62;S63;S50;S52;S53;S54;S55;S56;S58;S59;S60,0.5071009225882213,0.19415204678362574,0.4584398535916601
24,24,53,S71;S66;S70;S65;S01;S02;S03;S05;S06;S07;S08;S09;S10;S13;S14;S15;S16;S17;S18;S19;S21;S22;S25;S61;S26;S27;S28;S30;S31;S34;S35;S36;S38;S39;S40;S41;S43;S42;S44;S45;S46;S62;S47;S48;S50;S64;S52;S53;S54;S55;S57;S58;S60,0.5050763054364571,0.19495910532465366,0.4237195917973527
25,25,53,S66;S70;S01;S02;S03;S05;S07;S09;S10;S11;S12;S14;S16;S17;S18;S19;S20;S21;S22;S24;S25;S27;S29;S30;S31;S32;S33;S34;S35;S36;S38;S39;S40;S41;S43;S42;S46;S62;S63;S47;S48;S49;S50;S51;S64;S52;S53;S54;S55;S57;S58;S59;S60,0.5253018769422567,0.1041625174268074,0.40497589829566977
26,26,53,S71;S66;S70;S65;S01;S03;S06;S07;S08;S10;S11;S12;S13;S14;S15;S16;S17;S18;S19;S21;S22;S23;S24;S25;S61;S26;S27;S29;S30;S31;S32;S33;S35;S36;S38;S39;S40;S41;S42;S44;S45;S46;S62;S63;S47;S49;S51;S64;S52;S54;S55;S57;S59,0.4955845110242181,0.2804335908896296,0.466957461068415
27,27,53,S71;S66;S70;S65;S01;S02;S05;S06;S07;S09;S10;S12;S13;S14;S17;S18;S19;S20;S21;S22;S23;S24;S25;S61;S27;S28;S29;S30;S31;S32;S33;S35;S36;S38;S39;S40;S41;S43;S44;S46;S62;S47;S48;S49;S51;S64;S53;S54;S55;S56;S57;S58;S60,0.48636446837754604,0.13011212827040788,0.3945233771635849
28,28,53,S71;S66;S70;S65;S01;S02;S03;S06;S07;S08;S09;S10;S11;S12;S13;S14;S15;S16;S18;S19;S20;S22;S23;S24;S61;S26;S28;S29;S30;S33;S34;S35;S36;S38;S39;S41;S44;S45;S46;S62;S47;S49;S50;S51;S64;S52;S53;S54;S55;S56;S57;S59;S60,0.5353451919140366,0.2677314575712694,0.47777229120260445
29,29,53,S66;S70;S65;S01;S02;S03;S05;S07;S08;S09;S10;S11;S12;S13;S14;S15;S16;S17;S19;S20;S22;S23;S24;S25;S61;S26;S27;S28;S29;S30;S31;S32;S33;S34;S35;S36;S39;S41;S43;S42;S44;S45;S47;S49;S51;S52;S53;S54;S55;S57;S58;S59;S60,0.5323362589945737,0.2644987572493786,0.5295001015032013
30,30,53,S71;S66;S70;S65;S01;S02;S03;S05;S06;S07;S08;S11;S13;S14;S15;S20;S22;S23;S24;S25;S61;S26;S27;S28;S29;S30;S31;S32;S33;S34;S35;S38;S39;S41;S43;S42;S46;S62;S63;S47;S48;S49;S50;S64;S52;S53;S54;S55;S56;S57;S58;S59;S60,0.4886727419918897,0.2534351364875032,0.46903566600982216
31,31,53,S66;S70;S65;S01;S02;S03;S05;S06;S07;S08;S09;S10;S11;S12;S15;S16;S17;S19;S21;S23;S24;S25;S61;S28;S29;S30;S31;S32;S33;S34;S35;S36;S40;S41;S42;S44;S45;S46;S62;S47;S48;S50;S51;S64;S52;S53;S54;S55;S56;S57;S58;S59;S60,0.5218718700718391,0.22947567233973815,0.43959878511433104
32,32,53,S71;S66;S70;S65;S02;S03;S05;S06;S07;S09;S10;S11;S12;S13;S14;S15;S16;S17;S18;S19;S21;S24;S25;S61;S27;S28;S29;S30;S31;S32;S35;S36;S38;S40;S41;S43;S42;S44;S46;S62;S63;S47;S48;S51;S64;S52;S53;S54;S55;S56;S58;S59;S60,0.5115424263951135,0.28797596783438556,0.48264616872619537
33,33,53,S71;S70;S65;S01;S03;S05;S06;S07;S08;S09;S13;S14;S15;S16;S17;S18;S19;S20;S21;S23;S24;S25;S61;S26;S27;S28;S29;S30;S31;S32;S35;S36;S38;S39;S41;S42;S44;S46;S62;S63;S47;S48;S49;S50;S51;S64;S52;S54;S55;S56;S57;S58;S59,0.49538320823974014,0.11632842307284194,0.38497463121455694
34,34,53,S71;S66;S70;S65;S01;S02;S03;S05;S07;S08;S10;S11;S12;S14;S15;S16;S17;S18;S19;S20;S21;S22;S25;S26;S27;S28;S29;S30;S31;S32;S33;S34;S36;S38;S39;S40;S41;S42;S45;S46;S62;S63;S48;S49;S50;S51;S64;S52;S53;S54;S55;S57;S59,0.5294778208563039,0.2936573507338406,0.5026039869140159
35,35,53,S71;S66;S70;S65;S01;S02;S03;S07;S08;S09;S12;S13;S14;S15;S16;S18;S19;S21;S23;S24;S25;S61;S27;S28;S29;S30;S33;S34;S35;S36;S38;S39;S40;S41;S43;S42;S44;S45;S46;S62;S63;S47;S48;S49;S50;S51;S64;S52;S54;S55;S56;S57;S59,0.4960863495510203,0.31697964985784827,0.5200661903928726
36,36,53,S71;S70;S01;S02;S03;S05;S07;S08;S09;S10;S13;S14;S15;S16;S20;S21;S22;S23;S24;S25;S61;S26;S27;S28;S29;S30;S31;S32;S33;S34;S38;S39;S40;S41;S43;S42;S44;S62;S63;S47;S48;S49;S50;S51;S64;S52;S53;S54;S55;S56;S58;S59;S60,0.5160104875284766,0.2673061400549218,0.4335345071470803
37,37,53,S71;S70;S65;S01;S02;S03;S05;S07;S08;S09;S11;S13;S14;S16;S18;S20;S21;S22;S23;S24;S25;S61;S26;S27;S28;S29;S30;S31;S32;S33;S34;S35;S36;S38;S39;S40;S41;S44;S45;S63;S47;S48;S50;S51;S64;S52;S53;S55;S56;S57;S58;S59;S60,0.4949492870227441,0.2774847022616144,0.5212618920454278
38,38,53,S71;S70;S65;S01;S02;S03;S06;S07;S08;S09;S10;S11;S12;S13;S14;S15;S17;S18;S19;S20;S21;S22;S23;S24;S25;S26;S27;S28;S29;S30;S31;S32;S34;S35;S36;S39;S40;S43;S42;S44;S45;S46;S62;S63;S49;S50;S64;S52;S53;S54;S56;S57;S60,0.5190129693209428,0.2611326637739539,0.4557366906489195
39,39,53,S71;S66;S01;S03;S06;S07;S08;S09;S10;S12;S13;S14;S15;S16;S17;S18;S19;S20;S21;S22;S23;S24;S25;S61;S26;S29;S30;S32;S33;S35;S36;S38;S39;S40;S41;S43;S42;S44;S45;S46;S62;S63;S47;S48;S49;S50;S51;S64;S52;S53;S54;S56;S57,0.5651865780314372,0.20023409535743253,0.46690325704689545
40,40,53,S66;S70;S65;S01;S02;S03;S05;S06;S07;S08;S09;S10;S11;S12;S14;S15;S16;S18;S20;S21;S22;S24;S25;S61;S26;S27;S28;S29;S30;S32;S33;S34;S35;S36;S38;S39;S40;S43;S42;S45;S46;S62;S63;S47;S48;S49;S50;S52;S53;S55;S56;S58;S59,0.5234842351464014,0.1709360868450889,0.44149935153793096
41,41,53,S71;S66;S70;S65;S01;S02;S05;S06;S07;S08;S09;S11;S13;S14;S15;S16;S18;S19;S20;S21;S22;S24;S25;S61;S26;S27;S28;S32;S33;S34;S35;S38;S40;S41;S43;S42;S44;S45;S46;S62;S63;S47;S49;S51;S64;S52;S53;S54;S55;S56;S57;S59;S60,0.48263298049817904,0.12184711960194672,0.3943938559806345
42,42,53,S71;S66;S70;S65;S01;S02;S03;S06;S08;S09;S10;S11;S12;S13;S15;S16;S17;S18;S19;S20;S21;S22;S24;S25;S61;S29;S31;S32;S33;S34;S35;S36;S38;S39;S40;S41;S43;S42;S45;S63;S47;S48;S49;S50;S51;S64;S53;S54;S55;S56;S58;S59;S60,0.5151282724613819,0.25643247928064566,0.4815438050147993
43,43,53,S66;S70;S65;S01;S02;S03;S05;S06;S07;S08;S09;S10;S14;S15;S16;S17;S18;S19;S21;S22;S23;S24;S25;S61;S26;S28;S29;S30;S31;S32;S33;S34;S35;S36;S38;S40;S43;S45;S62;S63;S47;S48;S49;S50;S51;S64;S52;S53;S55;S56;S57;S58;S59,0.5041164405453596,0.10652881553295283,0.3578848924155886
44,44,53,S71;S66;S65;S01;S03;S05;S06;S07;S08;S09;S10;S12;S13;S15;S16;S17;S18;S19;S20;S22;S23;S24;S61;S26;S27;S28;S29;S30;S31;S33;S34;S38;S39;S40;S41;S43;S42;S45;S62;S63;S47;S48;S49;S50;S51;S64;S52;S54;S55;S56;S57;S58;S59,0.5049676055047926,0.1769864608354581,0.43443194829771753
45,45,53,S71;S66;S70;S65;S01;S02;S05;S06;S07;S08;S09;S10;S11;S12;S13;S14;S15;S16;S17;S18;S19;S20;S21;S22;S24;S25;S61;S26;S27;S29;S31;S32;S33;S36;S38;S39;S40;S41;S43;S42;S45;S46;S62;S47;S49;S50;S51;S52;S53;S55;S57;S58;S60,0.5194904539808971,0.2468479957600626,0.49533620017634994
46,46,53,S66;S70;S65;S01;S02;S05;S06;S07;S08;S09;S11;S12;S14;S15;S16;S17;S18;S19;S20;S21;S22;S23;S24;S26;S27;S29;S30;S31;S32;S33;S34;S35;S38;S39;S43;S44;S62;S63;S47;S48;S49;S50;S51;S64;S52;S53;S54;S55;S56;S57;S58;S59;S60,0.4958792937013542,0.13567561085847638,0.3803902415565566
47,47,53,S71;S66;S70;S65;S01;S03;S05;S06;S08;S09;S10;S12;S13;S14;S15;S16;S17;S18;S19;S20;S21;S22;S23;S24;S25;S61;S26;S27;S29;S30;S31;S32;S33;S35;S36;S38;S40;S43;S42;S45;S46;S62;S63;S47;S49;S51;S52;S53;S54;S55;S57;S59;S60,0.5128239607521277,0.19079235339750286,0.47273021285359446
48,48,53,S71;S66;S65;S01;S02;S03;S05;S06;S07;S08;S09;S10;S11;S12;S14;S16;S18;S20;S22;S24;S25;S26;S27;S28;S29;S30;S31;S32;S33;S34;S35;S36;S38;S39;S40;S41;S43;S42;S44;S45;S46;S62;S63;S47;S48;S49;S50;S51;S64;S53;S55;S56;S57,0.5672770500140376,0.33201180717259765,0.5995846924465628
49,49,53,S66;S70;S65;S03;S05;S06;S07;S08;S09;S10;S11;S12;S13;S15;S16;S17;S18;S19;S21;S22;S23;S25;S26;S27;S28;S29;S30;S31;S32;S33;S35;S36;S38;S39;S41;S43;S44;S45;S46;S63;S47;S48;S49;S50;S64;S52;S54;S55;S56;S57;S58;S59;S60,0.5277610323718369,0.1126627587755682,0.3985565526682748
50,50,53,S71;S65;S01;S02;S03;S06;S07;S08;S10;S11;S12;S13;S16;S18;S19;S20;S21;S22;S23;S24;S25;S61;S26;S27;S28;S30;S31;S32;S34;S35;S36;S38;S39;S41;S43;S42;S44;S45;S46;S62;S63;S47;S48;S49;S51;S64;S52;S53;S56;S57;S58;S59;S60,0.5240933483375234,0.08056116392121522,0.35648792036885946
51,51,53,S71;S66;S70;S65;S02;S03;S05;S06;S09;S12;S13;S14;S15;S17;S18;S19;S20;S21;S22;S23;S61;S26;S27;S28;S30;S31;S32;S34;S35;S36;S38;S39;S40;S41;S43;S42;S44;S45;S46;S62;S47;S48;S49;S50;S51;S64;S52;S53;S54;S55;S57;S58;S59,0.5547565184453516,0.2668460453102954,0.5396594754539511
52,52,53,S71;S66;S70;S01;S02;S03;S05;S06;S08;S09;S10;S12;S13;S14;S15;S16;S17;S18;S19;S20;S21;S22;S24;S25;S61;S26;S27;S28;S31;S32;S33;S35;S38;S39;S43;S42;S44;S45;S46;S62;S63;S47;S48;S49;S50;S64;S53;S54;S55;S56;S57;S58;S60,0.5225187253013415,0.17647165352191746,0.3875913070070727
53,53,53,S66;S70;S65;S01;S02;S05;S06;S08;S10;S11;S12;S13;S14;S15;S18;S19;S20;S21;S22;S23;S24;S25;S61;S26;S29;S30;S31;S32;S34;S35;S36;S38;S39;S40;S43;S42;S44;S45;S62;S63;S47;S48;S49;S50;S51;S64;S53;S54;S55;S56;S57;S58;S59,0.5147041759944396,0.2601022390430876,0.48057233914537756
54,54,53,S71;S70;S65;S01;S02;S03;S05;S06;S07;S09;S10;S11;S12;S14;S15;S16;S19;S20;S21;S22;S23;S24;S61;S27;S28;S29;S30;S31;S32;S33;S34;S35;S40;S41;S43;S42;S44;S45;S63;S47;S49;S50;S51;S64;S52;S53;S54;S55;S56;S57;S58;S59;S60,0.460522983458009,0.0555849431061311,0.33154739581273235
55,55,53,S71;S70;S65;S01;S02;S03;S05;S07;S08;S09;S11;S12;S14;S17;S18;S19;S20;S21;S22;S23;S25;S26;S27;S28;S29;S31;S32;S33;S34;S35;S36;S38;S39;S40;S43;S42;S44;S45;S46;S62;S63;S47;S48;S49;S51;S53;S54;S55;S56;S57;S58;S59;S60,0.46995591106179924,0.08994962520989495,0.368157733224685
56,56,53,S71;S66;S70;S65;S01;S02;S03;S06;S07;S08;S09;S10;S11;S12;S13;S14;S18;S19;S20;S21;S22;S24;S25;S61;S27;S30;S31;S32;S33;S34;S35;S36;S38;S39;S40;S41;S42;S44;S45;S46;S62;S63;S48;S49;S51;S64;S53;S54;S55;S56;S57;S59;S60,0.5276121718995506,0.18534021472710324,0.45077618987499857
57,57,53,S71;S66;S70;S02;S03;S05;S06;S07;S08;S09;S10;S11;S12;S14;S15;S16;S18;S21;S22;S23;S24;S25;S26;S27;S28;S29;S30;S31;S32;S33;S34;S35;S36;S38;S39;S40;S41;S43;S42;S44;S45;S62;S48;S49;S50;S64;S52;S53;S54;S55;S56;S57;S59,0.5181251508751752,0.1446769121635358,0.38050697526348276
58,58,53,S71;S70;S65;S01;S02;S03;S05;S06;S09;S10;S11;S12;S14;S15;S16;S17;S19;S20;S21;S22;S23;S24;S61;S26;S27;S28;S29;S31;S32;S34;S36;S38;S39;S40;S41;S43;S42;S44;S45;S46;S62;S63;S47;S48;S49;S50;S64;S52;S55;S57;S58;S59;S60,0.5357363711643179,0.2383251524757527,0.5031848911325438
59,59,53,S71;S66;S70;S65;S01;S02;S03;S05;S06;S07;S08;S09;S10;S14;S16;S17;S18;S19;S21;S22;S61;S26;S27;S28;S29;S30;S31;S32;S33;S34;S35;S36;S39;S40;S41;S43;S42;S44;S45;S46;S62;S48;S49;S50;S52;S53;S54;S55;S56;S57;S58;S59;S60,0.5291955313218357,0.33400345802493225,0.5379413649814067
60,60,53,S71;S66;S70;S65;S01;S02;S03;S05;S06;S07;S08;S09;S10;S12;S13;S14;S15;S16;S17;S18;S19;S20;S22;S23;S24;S61;S26;S27;S29;S30;S32;S33;S34;S36;S38;S39;S40;S41;S43;S44;S46;S62;S63;S47;S48;S50;S51;S64;S56;S57;S58;S59;S60,0.47649965829781893,0.11163281920394288,0.379341209278888
61,61,53,S71;S66;S01;S02;S05;S06;S07;S08;S09;S11;S12;S16;S17;S18;S19;S20;S21;S22;S23;S24;S25;S61;S26;S28;S29;S30;S31;S32;S36;S38;S39;S40;S43;S42;S44;S45;S46;S63;S47;S48;S49;S50;S51;S64;S52;S53;S54;S55;S56;S57;S58;S59;S60,0.5067834991508028,0.21052819303321993,0.4597859228695671
62,62,53,S71;S66;S70;S65;S02;S03;S05;S06;S07;S08;S09;S11;S12;S14;S15;S17;S18;S19;S20;S22;S23;S24;S25;S61;S26;S27;S28;S29;S30;S31;S32;S34;S35;S36;S38;S40;S41;S44;S45;S46;S62;S48;S49;S50;S51;S64;S52;S53;S55;S57;S58;S59;S60,0.5450190854888352,0.23832308237332844,0.4734066519662165
63,63,53,S71;S66;S70;S65;S01;S02;S03;S06;S08;S10;S12;S13;S14;S15;S16;S17;S18;S19;S20;S21;S22;S24;S25;S27;S28;S29;S30;S31;S32;S34;S35;S36;S38;S40;S43;S42;S44;S45;S46;S63;S47;S48;S49;S50;S51;S64;S52;S53;S54;S56;S58;S59;S60,0.47961840021919105,0.15435143305225357,0.42623398374723226
64,64,53,S71;S66;S70;S01;S02;S03;S06;S07;S09;S10;S11;S12;S13;S14;S15;S17;S21;S22;S23;S24;S61;S29;S30;S31;S32;S33;S34;S35;S36;S38;S39;S41;S43;S42;S44;S45;S46;S62;S63;S47;S48;S49;S51;S64;S52;S53;S54;S55;S56;S57;S58;S59;S60,0.5077017509239918,0.192161775392201,0.4142939762202746
65,65,53,S71;S66;S70;S01;S05;S06;S08;S09;S10;S12;S13;S14;S16;S17;S18;S19;S20;S21;S25;S61;S26;S27;S29;S30;S31;S32;S33;S35;S36;S38;S39;S40;S41;S43;S42;S44;S45;S46;S62;S63;S47;S48;S49;S50;S51;S64;S52;S53;S54;S55;S57;S58;S59,0.49272622636848995,0.13673328609438717,0.4122731998648007
66,66,53,S71;S66;S70;S01;S02;S03;S05;S06;S07;S08;S09;S12;S13;S14;S16;S17;S18;S19;S20;S21;S22;S23;S24;S61;S26;S27;S28;S29;S30;S32;S34;S35;S36;S38;S39;S40;S41;S43;S42;S45;S46;S62;S63;S48;S49;S50;S51;S54;S55;S56;S57;S58;S60,0.5160551142373593,0.24907080511592813,0.48801472468402957
67,67,53,S71;S66;S70;S02;S03;S05;S07;S08;S09;S10;S11;S12;S13;S14;S15;S16;S17;S18;S19;S20;S21;S22;S23;S24;S25;S61;S26;S27;S28;S29;S30;S33;S34;S35;S36;S39;S40;S41;S43;S42;S44;S62;S47;S48;S49;S64;S53;S54;S56;S57;S58;S59;S60,0.4878156170023052,0.21653429259497858,0.4487574807709782
68,68,53,S71;S70;S65;S01;S02;S03;S05;S08;S09;S10;S12;S13;S14;S15;S16;S17;S18;S19;S20;S21;S23;S24;S25;S61;S27;S29;S30;S31;S32;S33;S34;S35;S38;S39;S41;S43;S44;S45;S46;S63;S47;S48;S49;S50;S51;S64;S52;S53;S54;S56;S57;S59;S60,0.5300134032007326,0.22739665053135258,0.46704438663927367
69,69,53,S71;S66;S70;S65;S01;S03;S06;S07;S09;S10;S11;S12;S16;S17;S18;S19;S20;S21;S23;S24;S25;S61;S26;S27;S29;S30;S31;S32;S33;S34;S35;S36;S38;S39;S40;S41;S44;S46;S62;S63;S47;S48;S49;S50;S51;S64;S52;S53;S54;S56;S57;S59;S60,0.5345975662774816,0.21442748062298217,0.45616849345831517
70,70,53,S71;S66;S70;S65;S01;S02;S03;S05;S06;S07;S09;S10;S11;S12;S13;S14;S15;S16;S18;S20;S21;S22;S23;S24;S61;S26;S28;S29;S32;S33;S34;S35;S39;S40;S41;S43;S42;S44;S45;S46;S62;S63;S47;S48;S64;S52;S53;S54;S55;S56;S57;S59;S60,0.5279102733797193,0.23886993518276153,0.50015058436644
71,71,53,S71;S66;S70;S65;S01;S02;S03;S05;S06;S07;S08;S09;S10;S14;S16;S17;S18;S19;S20;S21;S22;S24;S25;S61;S26;S27;S29;S30;S31;S33;S35;S39;S41;S43;S42;S45;S46;S62;S63;S47;S48;S49;S50;S51;S52;S53;S54;S55;S56;S57;S58;S59;S60,0.5205864224263417,0.16388568654814634,0.43237442703834733
72,72,53,S71;S66;S65;S01;S02;S05;S06;S07;S08;S09;S11;S12;S13;S14;S15;S16;S17;S18;S19;S20;S21;S22;S24;S25;S61;S26;S27;S29;S30;S31;S32;S34;S35;S36;S38;S40;S41;S43;S42;S44;S45;S62;S47;S48;S50;S51;S64;S52;S55;S57;S58;S59;S60,0.5459729717106737,0.2625545945759318,0.47833686284397714
73,73,53,S71;S66;S70;S65;S01;S02;S03;S05;S06;S08;S09;S10;S11;S13;S14;S16;S17;S20;S22;S23;S24;S25;S61;S26;S27;S28;S29;S30;S31;S32;S33;S34;S38;S40;S41;S43;S44;S45;S46;S62;S63;S47;S48;S49;S51;S64;S52;S54;S55;S56;S57;S58;S60,0.5260540407896641,0.21380169931886805,0.4657791538308891
74,74,53,S71;S66;S70;S65;S02;S03;S05;S06;S07;S08;S09;S10;S11;S12;S13;S14;S15;S16;S17;S18;S19;S20;S21;S24;S25;S61;S26;S27;S28;S29;S30;S31;S34;S36;S38;S40;S43;S42;S45;S46;S62;S63;S47;S49;S50;S51;S64;S54;S55;S56;S57;S59;S60,0.5436159442782491,0.24010791366906475,0.4822516719673658
75,75,53,S71;S66;S70;S01;S02;S03;S06;S07;S08;S10;S12;S13;S14;S15;S16;S17;S18;S20;S21;S22;S24;S61;S26;S27;S28;S29;S30;S31;S34;S35;S39;S40;S41;S43;S42;S44;S45;S46;S62;S63;S47;S48;S50;S51;S64;S52;S53;S54;S55;S57;S58;S59;S60,0.5265102429198883,0.35200943179721633,0.567068726949876
76,76,53,S71;S66;S70;S65;S01;S02;S05;S07;S10;S12;S13;S14;S15;S16;S17;S18;S19;S20;S21;S22;S23;S24;S25;S61;S26;S28;S29;S31;S32;S34;S35;S36;S40;S41;S43;S42;S45;S46;S62;S63;S47;S49;S50;S51;S64;S52;S53;S54;S55;S56;S57;S59;S60,0.5323985361660629,0.3199169455466375,0.47360213978494403
77,77,53,S71;S66;S70;S65;S02;S03;S05;S07;S08;S09;S10;S11;S12;S13;S14;S15;S16;S17;S18;S19;S20;S22;S23;S24;S25;S61;S26;S27;S28;S29;S30;S32;S34;S35;S36;S38;S39;S40;S43;S42;S45;S62;S48;S49;S64;S52;S54;S55;S56;S57;S58;S59;S60,0.49151518429678576,0.2241432946733325,0.4621987875244264
78,78,53,S71;S66;S70;S65;S01;S02;S03;S05;S06;S07;S09;S10;S11;S12;S13;S14;S17;S18;S19;S20;S21;S22;S23;S24;S25;S27;S29;S31;S33;S35;S36;S39;S40;S41;S43;S42;S44;S45;S46;S62;S48;S49;S50;S51;S64;S52;S53;S54;S56;S57;S58;S59;S60,0.531434420020994,0.2121810361384436,0.48454221371827483
79,79,53,S66;S70;S65;S01;S02;S03;S05;S06;S07;S08;S09;S10;S12;S13;S14;S16;S17;S18;S19;S20;S21;S22;S23;S24;S61;S26;S27;S28;S29;S30;S32;S33;S35;S36;S38;S40;S41;S43;S42;S44;S45;S46;S63;S47;S48;S51;S64;S52;S53;S55;S56;S58;S59,0.49876942361331833,0.19230032739721548,0.46514899617080513
80,80,53,S71;S66;S65;S01;S02;S06;S07;S08;S09;S11;S12;S13;S14;S15;S16;S17;S18;S19;S20;S21;S22;S23;S25;S61;S27;S29;S30;S31;S32;S33;S34;S36;S39;S41;S43;S42;S45;S46;S63;S47;S48;S49;S50;S51;S64;S52;S53;S54;S56;S57;S58;S59;S60,0.536739877958139,0.21673392826692434,0.4580455096343257
81,81,53,S71;S66;S70;S65;S01;S05;S06;S07;S08;S09;S11;S12;S15;S16;S17;S18;S19;S20;S22;S24;S61;S26;S27;S28;S29;S30;S31;S32;S33;S35;S36;S39;S40;S41;S43;S42;S44;S45;S46;S62;S63;S47;S48;S49;S50;S51;S53;S54;S55;S57;S58;S59;S60,0.5176867186812955,0.26380594550279557,0.47136270286348375
82,82,53,S71;S66;S70;S02;S03;S05;S06;S07;S08;S09;S10;S11;S12;S13;S14;S15;S16;S17;S18;S19;S20;S24;S25;S61;S26;S27;S28;S30;S31;S32;S34;S35;S36;S38;S39;S40;S41;S43;S42;S45;S46;S62;S63;S47;S48;S51;S52;S53;S54;S55;S57;S58;S59,0.5094264022437798,0.1346641163444,0.3763978768976969
83,83,53,S71;S66;S70;S65;S01;S02;S05;S06;S07;S08;S09;S10;S11;S12;S14;S15;S16;S17;S18;S20;S21;S22;S23;S24;S25;S61;S26;S27;S28;S29;S31;S32;S35;S38;S39;S40;S41;S43;S44;S45;S46;S48;S49;S50;S51;S64;S52;S53;S54;S55;S56;S58;S60,0.5157673539306904,0.23071429980470676,0.44589609034304445
84,84,53,S71;S70;S65;S01;S03;S05;S06;S07;S10;S11;S12;S14;S15;S16;S17;S18;S19;S21;S22;S23;S24;S25;S61;S26;S27;S28;S29;S30;S31;S32;S33;S35;S38;S39;S40;S43;S42;S44;S45;S46;S62;S47;S48;S49;S50;S51;S64;S53;S56;S57;S58;S59;S60,0.5309078200379704,0.24560242587141382,0.4700350020576927
85,85,53,S71;S66;S65;S01;S02;S05;S09;S10;S11;S12;S14;S15;S16;S18;S20;S22;S23;S24;S25;S61;S26;S27;S30;S31;S32;S33;S34;S35;S36;S38;S39;S40;S41;S43;S42;S44;S45;S46;S62;S47;S48;S49;S50;S51;S64;S52;S53;S54;S55;S56;S57;S58;S59,0.542063331962243,0.3241070226394045,0.5119147893311529
86,86,53,S71;S66;S65;S01;S02;S03;S06;S08;S09;S10;S11;S13;S16;S17;S19;S20;S21;S22;S23;S24;S25;S26;S27;S28;S29;S30;S31;S33;S34;S35;S36;S38;S40;S41;S43;S42;S44;S45;S46;S62;S63;S47;S48;S49;S51;S52;S53;S54;S55;S57;S58;S59;S60,0.5058638738082344,0.2809734513274336,0.45943957749418174
87,87,53,S71;S66;S65;S01;S02;S03;S05;S07;S08;S09;S10;S11;S13;S14;S15;S16;S17;S18;S19;S20;S21;S22;S24;S25;S61;S26;S27;S28;S29;S31;S32;S33;S34;S36;S38;S39;S40;S43;S42;S44;S46;S62;S63;S47;S48;S64;S52;S53;S55;S56;S57;S59;S60,0.5138646004353866,0.15095502156500307,0.43248919124748003
88,88,53,S71;S65;S02;S03;S05;S06;S07;S08;S09;S10;S12;S13;S14;S15;S17;S18;S19;S20;S21;S22;S23;S24;S25;S61;S26;S27;S28;S30;S33;S35;S36;S38;S39;S40;S41;S43;S44;S46;S62;S63;S47;S48;S49;S50;S51;S64;S52;S54;S55;S56;S57;S59;S60,0.4975941772861073,0.23748067573561393,0.4367311903407883
89,89,53,S71;S70;S65;S01;S02;S05;S06;S07;S08;S09;S11;S12;S14;S15;S17;S18;S19;S20;S21;S23;S24;S25;S61;S26;S27;S29;S30;S32;S33;S34;S36;S39;S40;S41;S43;S42;S44;S45;S46;S62;S63;S47;S48;S50;S64;S52;S54;S55;S56;S57;S58;S59;S60,0.5091864169080751,0.21519424261774503,0.4179232676898929
90,90,53,S71;S66;S70;S65;S01;S02;S03;S05;S06;S07;S09;S10;S11;S14;S15;S17;S18;S19;S20;S21;S22;S23;S24;S61;S26;S27;S28;S30;S31;S32;S33;S34;S35;S38;S39;S40;S41;S43;S42;S44;S45;S63;S47;S48;S51;S64;S53;S54;S55;S56;S57;S58;S59,0.5278234839797152,0.3418291868496023,0.547786775349527
91,91,53,S66;S70;S02;S03;S06;S08;S09;S10;S11;S13;S14;S15;S17;S18;S19;S20;S21;S22;S23;S24;S25;S61;S26;S27;S28;S29;S30;S31;S32;S33;S34;S35;S38;S40;S41;S43;S42;S44;S45;S46;S62;S63;S48;S49;S50;S51;S64;S52;S53;S55;S56;S57;S59,0.5163882957898316,0.2774531835205993,0.4888092410773601
92,92,53,S71;S66;S70;S65;S01;S02;S05;S06;S07;S08;S10;S13;S14;S17;S18;S19;S20;S21;S22;S23;S24;S25;S61;S26;S27;S28;S30;S31;S33;S34;S35;S36;S38;S39;S40;S41;S43;S42;S44;S45;S46;S62;S49;S51;S64;S52;S53;S54;S55;S57;S58;S59;S60,0.5284730245336692,0.25545111522918573,0.5197679071661476
93,93,53,S71;S66;S70;S65;S01;S02;S03;S05;S07;S08;S09;S10;S11;S12;S16;S17;S18;S19;S20;S21;S22;S23;S24;S27;S28;S29;S30;S32;S33;S34;S35;S36;S39;S40;S41;S43;S42;S46;S62;S63;S47;S48;S49;S50;S51;S64;S52;S53;S55;S57;S58;S59;S60,0.4814468638113926,0.2303157595257122,0.4500739955354646
94,94,53,S71;S66;S70;S01;S02;S05;S06;S08;S09;S11;S12;S13;S14;S15;S17;S18;S19;S20;S21;S22;S23;S24;S25;S26;S27;S28;S29;S30;S31;S32;S33;S35;S36;S38;S39;S40;S41;S43;S42;S45;S46;S62;S63;S48;S49;S50;S51;S53;S54;S55;S56;S57;S60,0.5287108722581741,0.20401686262713453,0.4609757893768247
95,95,53,S71;S66;S70;S65;S02;S03;S06;S07;S08;S09;S10;S13;S14;S15;S17;S18;S19;S20;S21;S22;S23;S24;S61;S26;S27;S29;S30;S31;S32;S33;S34;S35;S36;S38;S39;S40;S41;S43;S44;S46;S62;S63;S47;S49;S50;S51;S64;S53;S54;S55;S58;S59;S60,0.5009943960891409,0.26031172905775796,0.5008237642960817
96,96,53,S71;S66;S70;S65;S01;S02;S03;S06;S07;S08;S09;S10;S11;S12;S13;S14;S15;S16;S18;S19;S20;S23;S24;S25;S61;S27;S29;S30;S31;S33;S38;S39;S40;S41;S43;S42;S44;S45;S46;S62;S63;S47;S48;S49;S50;S51;S64;S52;S53;S54;S55;S58;S59,0.5564718116026723,0.2667348448945316,0.5431384484344807
97,97,53,S66;S70;S65;S01;S03;S05;S06;S09;S10;S12;S13;S14;S15;S16;S17;S18;S19;S20;S21;S22;S23;S24;S25;S61;S26;S27;S31;S32;S33;S35;S38;S41;S43;S42;S44;S45;S46;S62;S63;S47;S48;S49;S50;S51;S64;S53;S54;S55;S56;S57;S58;S59;S60,0.4961044537140152,0.18682164104402257,0.43260967741328366
98,98,53,S71;S70;S65;S01;S02;S03;S08;S09;S10;S11;S13;S14;S15;S16;S17;S19;S20;S21;S22;S23;S24;S25;S26;S27;S28;S29;S30;S31;S32;S33;S34;S35;S36;S38;S39;S40;S41;S42;S44;S45;S62;S63;S47;S48;S49;S50;S52;S55;S56;S57;S58;S59;S60,0.5323655762239694,0.22631441504178273,0.45170376364925857
99,99,53,S71;S66;S70;S02;S03;S06;S07;S08;S09;S10;S11;S12;S13;S14;S15;S17;S18;S19;S21;S22;S23;S24;S61;S26;S27;S28;S29;S30;S31;S32;S34;S35;S36;S38;S39;S41;S43;S42;S44;S45;S46;S63;S47;S48;S49;S51;S64;S52;S53;S55;S56;S57;S59,0.4896149647002201,0.20320983823881986,0.4439982297293882
