Local file,Remote exists,Local hash,Remote hash,Status
.gitignore,True,76c6235dec9c0de11590394df93121f93974163948dcb2e4bafa5c235bd25823,76c6235dec9c0de11590394df93121f93974163948dcb2e4bafa5c235bd25823,PASS
ANALYSIS_FREEZE_SHA256.txt,True,ff2972a96cb1484432e5fc0cb66565cdc4b2e9665351f8e0e0e5284877cc805e,ff2972a96cb1484432e5fc0cb66565cdc4b2e9665351f8e0e0e5284877cc805e,PASS
CITATION.cff,True,2a1fbf22f70df9e013ed817bd753839c8fcd0b524853108ad8d4c2212240fb9e,2a1fbf22f70df9e013ed817bd753839c8fcd0b524853108ad8d4c2212240fb9e,PASS
FINAL_ANALYSIS_FREEZE.md,True,620bd54135db1542a773a3f28da2df5b693097651d2bfea2a37b14bb85f82967,620bd54135db1542a773a3f28da2df5b693097651d2bfea2a37b14bb85f82967,PASS
LICENSE,True,2d0a24a52211c140e377d52820818c5a99b952c65273dd687ac2a61fb95f6af0,2d0a24a52211c140e377d52820818c5a99b952c65273dd687ac2a61fb95f6af0,PASS
README.md,True,df6072c2663b2b9bab1782bb980053d8345b342bb5f9a6f96e3c67ce761fa59e,df6072c2663b2b9bab1782bb980053d8345b342bb5f9a6f96e3c67ce761fa59e,PASS
corpus/corpus_audit.md,True,136ebda3d7a73efea91b1ebd21e6c9bbc4f73d43c69d5cb198ff7ba033d47389,136ebda3d7a73efea91b1ebd21e6c9bbc4f73d43c69d5cb198ff7ba033d47389,PASS
corpus/corpus_sha256.txt,True,1d8d41663bf85b93980e4091b314b4bb234d074de1695bd9f3ab255b1ce50c8e,1d8d41663bf85b93980e4091b314b4bb234d074de1695bd9f3ab255b1ce50c8e,PASS
corpus/primary_studies_manifest.csv,True,895bfa05981ae4a030df16d7a9ed9ced10b79435d1de5cea3b070ad4065ba4f1,895bfa05981ae4a030df16d7a9ed9ced10b79435d1de5cea3b070ad4065ba4f1,PASS
data/fulltext_representation_manifest.csv,True,692819645ebc0756083ba8d2becff71a3c9b37fa796db5e0009661de1a8c6138,692819645ebc0756083ba8d2becff71a3c9b37fa796db5e0009661de1a8c6138,PASS
data/metadata_representation.csv,True,5f96b006271485c996707a1ecd3031b02ac5f07e121e15ca1c40ca785d331167,5f96b006271485c996707a1ecd3031b02ac5f07e121e15ca1c40ca785d331167,PASS
environment.yml,True,1e2808ac5a3ca91db3c0ff615905db8da87d5de9b0b32a7531e710439da9bb2d,1e2808ac5a3ca91db3c0ff615905db8da87d5de9b0b32a7531e710439da9bb2d,PASS
extraction/extraction_quality_report.md,True,3854226096d55cc341c3dc7eaff41b49561e6f47a9ef6717733bad20f5e5cd8a,3854226096d55cc341c3dc7eaff41b49561e6f47a9ef6717733bad20f5e5cd8a,PASS
extraction/fulltext_extraction.csv,True,692819645ebc0756083ba8d2becff71a3c9b37fa796db5e0009661de1a8c6138,692819645ebc0756083ba8d2becff71a3c9b37fa796db5e0009661de1a8c6138,PASS
extraction/metadata_extraction.csv,True,23b34b3fb1307d6909bd361dc0935d5f68c12f730e859a0fbef166db7a378635,23b34b3fb1307d6909bd361dc0935d5f68c12f730e859a0fbef166db7a378635,PASS
figures/FIGURE_SHA256.csv,True,5ee8ba6e7de374a27a80a41f53e48e73f642a7f7619204dba9004cac64abe244,5ee8ba6e7de374a27a80a41f53e48e73f642a7f7619204dba9004cac64abe244,PASS
figures/comparison/C1_topic_alignment_heatmap.pdf,True,daf91c519fbd404d147c98cbd64b6f3a0e8fe1cefc3ff3397424116f9c916bab,daf91c519fbd404d147c98cbd64b6f3a0e8fe1cefc3ff3397424116f9c916bab,PASS
figures/comparison/C1_topic_alignment_heatmap.png,True,3e24b3d522e0d2c5ef98d2ca748fe34a1a4c405e3784abf169d9459ddb0ed357,3e24b3d522e0d2c5ef98d2ca748fe34a1a4c405e3784abf169d9459ddb0ed357,PASS
figures/comparison/C2_dominant_topic_contingency.pdf,True,5d2edb6028be497e85422582e68487f42769068d333eac3af7f7e38debdca9c3,5d2edb6028be497e85422582e68487f42769068d333eac3af7f7e38debdca9c3,PASS
figures/comparison/C2_dominant_topic_contingency.png,True,65549b3df0db15a2954bd4270ff7c02b06ac31d20be83e46603df7782a8b08dc,65549b3df0db15a2954bd4270ff7c02b06ac31d20be83e46603df7782a8b08dc,PASS
figures/comparison/C3_similarity_comparison.pdf,True,e3c8679adbc04a5789241f264a525ea8a2d183a5a989ddd028154e6e1b95444c,e3c8679adbc04a5789241f264a525ea8a2d183a5a989ddd028154e6e1b95444c,PASS
figures/comparison/C3_similarity_comparison.png,True,2fbf31f703621f4f7f4701d984f1d0a87a001a8607e619a3cc44dd1eb22a209c,2fbf31f703621f4f7f4701d984f1d0a87a001a8607e619a3cc44dd1eb22a209c,PASS
figures/comparison/C4_aligned_prevalence_comparison.pdf,True,0669f4d60ce64cfd00c683f9516f298bfa08dd0b406340f1461067f692e43312,0669f4d60ce64cfd00c683f9516f298bfa08dd0b406340f1461067f692e43312,PASS
figures/comparison/C4_aligned_prevalence_comparison.png,True,296252562f3c17eba86fe60a932db18fccc5abc47faf60871bb89fac4ad02c82,296252562f3c17eba86fe60a932db18fccc5abc47faf60871bb89fac4ad02c82,PASS
figures/comparison/C5_representation_metrics_comparison.pdf,True,081593e28b5dada7b3e21f603b92315b0b826364c17e4335c0f157907f4753ac,081593e28b5dada7b3e21f603b92315b0b826364c17e4335c0f157907f4753ac,PASS
figures/comparison/C5_representation_metrics_comparison.png,True,f29919e23e01a2d8894c766ecb9ff7f0977c05081d391b362a6fd16428d2204d,f29919e23e01a2d8894c766ecb9ff7f0977c05081d391b362a6fd16428d2204d,PASS
figures/comparison/C6_topic_correspondence_network.pdf,True,71b8639c055e2883cca3face3eda767a8673ca83c37fab68b1e5518c3a8844ed,71b8639c055e2883cca3face3eda767a8673ca83c37fab68b1e5518c3a8844ed,PASS
figures/comparison/C6_topic_correspondence_network.png,True,ee9d0924e49ff4966443b49aacf0673532fbf47241f28832cb0116dd3ad78927,ee9d0924e49ff4966443b49aacf0673532fbf47241f28832cb0116dd3ad78927,PASS
figures/fulltext/F10_seed_similarity_heatmap.pdf,True,9e37210425897e325d7f9ea6227251ea3f551c495942036be77c627f58c7ac49,9e37210425897e325d7f9ea6227251ea3f551c495942036be77c627f58c7ac49,PASS
figures/fulltext/F10_seed_similarity_heatmap.png,True,e074d2c444a11814809ded1fa14a37d9fec03dc0dbc6a4d195c27a23908a35fc,e074d2c444a11814809ded1fa14a37d9fec03dc0dbc6a4d195c27a23908a35fc,PASS
figures/fulltext/F15_dominant_topic_confidence.pdf,True,694ce78f3d0044d0d60af409fd7fe078d33cb8c5ba601034ead265561a81798b,694ce78f3d0044d0d60af409fd7fe078d33cb8c5ba601034ead265561a81798b,PASS
figures/fulltext/F15_dominant_topic_confidence.png,True,fb2293164d2fae5a44bdee5e4e515ab8566a6216dbe62ca75b1f5503f4a72e3f,fb2293164d2fae5a44bdee5e4e515ab8566a6216dbe62ca75b1f5503f4a72e3f,PASS
figures/fulltext/F16_cross_k_persistence_heatmap.pdf,True,82e0db8f4fd8a422fe006c6651a983a50a942d76a12340537fef63c95f42c0f3,82e0db8f4fd8a422fe006c6651a983a50a942d76a12340537fef63c95f42c0f3,PASS
figures/fulltext/F16_cross_k_persistence_heatmap.png,True,ffb6efd01c63966f2617bbc64ce39d70515f824996c0ed66e098b3a35b65ed1c,ffb6efd01c63966f2617bbc64ce39d70515f824996c0ed66e098b3a35b65ed1c,PASS
figures/fulltext/F17_cross_k_persistence_summary.pdf,True,cc8c51287241aacbef1cace38f5ae70bc2136d8e88711298f0b6003e511d9e8d,cc8c51287241aacbef1cace38f5ae70bc2136d8e88711298f0b6003e511d9e8d,PASS
figures/fulltext/F17_cross_k_persistence_summary.png,True,2c4acca6c936a43172b1b9d1d950160d2d090c3a2b0261fdf7ea9f46cf6e4e90,2c4acca6c936a43172b1b9d1d950160d2d090c3a2b0261fdf7ea9f46cf6e4e90,PASS
figures/fulltext/F19_length_distribution.pdf,True,d744f244eb4372681aec684106900b4a4b913fb0b11a93d65bd1fa331ad67cf5,d744f244eb4372681aec684106900b4a4b913fb0b11a93d65bd1fa331ad67cf5,PASS
figures/fulltext/F19_length_distribution.png,True,9aa7701080b89c5f13d1553338e23d262db794094622a5c88c08d52289e087de,9aa7701080b89c5f13d1553338e23d262db794094622a5c88c08d52289e087de,PASS
figures/fulltext/F1_cv_vs_k.pdf,True,7f828884d6d72d006997d56c858f9e7c03c3377e7ded9388e9fb9f547e303184,7f828884d6d72d006997d56c858f9e7c03c3377e7ded9388e9fb9f547e303184,PASS
figures/fulltext/F1_cv_vs_k.png,True,e7b1fc9c46d046dff767102bd9c2e6cd8da60c5204b5f06041d34c9502181c18,e7b1fc9c46d046dff767102bd9c2e6cd8da60c5204b5f06041d34c9502181c18,PASS
figures/fulltext/F20_length_vs_confidence.pdf,True,5e1ace34c4678ee82a271b92be2c9136660d0d3092245ab1d7c90943ed33cd1d,5e1ace34c4678ee82a271b92be2c9136660d0d3092245ab1d7c90943ed33cd1d,PASS
figures/fulltext/F20_length_vs_confidence.png,True,e9455a6735892b12193e4b377a64ac802c9a58048ae610ca9b86c7e9580a28e9,e9455a6735892b12193e4b377a64ac802c9a58048ae610ca9b86c7e9580a28e9,PASS
figures/fulltext/F21_length_balanced_similarity.pdf,True,9a60c0386629032980f1f165708bf3869b3e9390d4dd70545380acb3bda5d1b5,9a60c0386629032980f1f165708bf3869b3e9390d4dd70545380acb3bda5d1b5,PASS
figures/fulltext/F21_length_balanced_similarity.png,True,9b534080baf9465e219a3393b098185a173b0e912f002799de29de894247a5f5,9b534080baf9465e219a3393b098185a173b0e912f002799de29de894247a5f5,PASS
figures/fulltext/F2_cnpmi_vs_k.pdf,True,8cfbf1d312950bcfba9e3d26b3d87fec6ce05b5817d7d27da4a449189e6deffd,8cfbf1d312950bcfba9e3d26b3d87fec6ce05b5817d7d27da4a449189e6deffd,PASS
figures/fulltext/F2_cnpmi_vs_k.png,True,ed6db307b1a1ef39bd41e7079d96437f1232895556de294feaa67fc2f0c0036e,ed6db307b1a1ef39bd41e7079d96437f1232895556de294feaa67fc2f0c0036e,PASS
figures/fulltext/F3_stability_vs_k.pdf,True,2e3d63994d6fe06c7802f763402f6015bd8042f500a34e32dfbc53018159e5c6,2e3d63994d6fe06c7802f763402f6015bd8042f500a34e32dfbc53018159e5c6,PASS
figures/fulltext/F3_stability_vs_k.png,True,663b0d8c2fcc362c5d07f3cc796217d254df21abbfa8d75bbf2a5be87e873390,663b0d8c2fcc362c5d07f3cc796217d254df21abbfa8d75bbf2a5be87e873390,PASS
figures/fulltext/F4_diversity_vs_k.pdf,True,3ae2c52dbcc69d5b98efc5af7ed9d3d1d0beafe3e2ce3d090c35fc5a6ca8f9fa,3ae2c52dbcc69d5b98efc5af7ed9d3d1d0beafe3e2ce3d090c35fc5a6ca8f9fa,PASS
figures/fulltext/F4_diversity_vs_k.png,True,af37ba2e1b7733a40d6ae469dbe4faa5ca86b4b5bb378ab3015252870050d1eb,af37ba2e1b7733a40d6ae469dbe4faa5ca86b4b5bb378ab3015252870050d1eb,PASS
figures/fulltext/F5_redundancy_vs_k.pdf,True,bfe3525b28977318823c4a2674991ec48e65787ed8c6beef35d46db2cb5dc016,bfe3525b28977318823c4a2674991ec48e65787ed8c6beef35d46db2cb5dc016,PASS
figures/fulltext/F5_redundancy_vs_k.png,True,75a3feb8ae49040e29d0c42352d9249dfb584cc1052f8ef1f3b415aef1f93ed0,75a3feb8ae49040e29d0c42352d9249dfb584cc1052f8ef1f3b415aef1f93ed0,PASS
figures/fulltext/F6_thin_zero_topics_vs_k.pdf,True,c4bc8914bade5dbba1d01ad06819f28bb773ca8dd7e1a71d43f699a711caaaa4,c4bc8914bade5dbba1d01ad06819f28bb773ca8dd7e1a71d43f699a711caaaa4,PASS
figures/fulltext/F6_thin_zero_topics_vs_k.png,True,15c0f0e8a8dd49df87a56305517547ea91c4b3090636db005613b0243d4a0221,15c0f0e8a8dd49df87a56305517547ea91c4b3090636db005613b0243d4a0221,PASS
figures/fulltext/F7_combined_model_selection.pdf,True,be321772d913265c45bb959b846fae141320e6516fbb0938b7b71a8d3eed6bbe,be321772d913265c45bb959b846fae141320e6516fbb0938b7b71a8d3eed6bbe,PASS
figures/fulltext/F7_combined_model_selection.png,True,ce7d91ba2af51832e8659c797ea7cb1791f9d194401f5889d4909ff11486b200,ce7d91ba2af51832e8659c797ea7cb1791f9d194401f5889d4909ff11486b200,PASS
figures/fulltext/F_confidence_margin_entropy.pdf,True,ca305c92f7ce599ec0af4fba7e35ac951a30f054b75166cc6e67f741684b9861,ca305c92f7ce599ec0af4fba7e35ac951a30f054b75166cc6e67f741684b9861,PASS
figures/fulltext/F_confidence_margin_entropy.png,True,900b7a6f781f44b3c39153e269514150703eafd7c34e664df33375c7b018f703,900b7a6f781f44b3c39153e269514150703eafd7c34e664df33375c7b018f703,PASS
figures/fulltext/F_document_topic_heatmap.pdf,True,bacbb6d45783c429b7e10f0aca8844b741aa0a0017dc84f9bdb7a287d7db094b,bacbb6d45783c429b7e10f0aca8844b741aa0a0017dc84f9bdb7a287d7db094b,PASS
figures/fulltext/F_document_topic_heatmap.png,True,5ee045f373aece1da42eec91e7a82741efdeb4a4ef18a425ff3f0757721db0c7,5ee045f373aece1da42eec91e7a82741efdeb4a4ef18a425ff3f0757721db0c7,PASS
figures/fulltext/F_representative_studies.pdf,True,677307a26b2e7dfa326f3bee9a6be7b6f2803dd0cddf8b9849cf2cc67ad48342,677307a26b2e7dfa326f3bee9a6be7b6f2803dd0cddf8b9849cf2cc67ad48342,PASS
figures/fulltext/F_representative_studies.png,True,fb5b764ee94967be22709de944df53e6771c9a261c7f09e915af40ee92a872b3,fb5b764ee94967be22709de944df53e6771c9a261c7f09e915af40ee92a872b3,PASS
figures/fulltext/F_top_terms.pdf,True,b887c5aa5e004c8e1c9e108b57ab1c74b17e75745c874392efc257bdb65ac4b8,b887c5aa5e004c8e1c9e108b57ab1c74b17e75745c874392efc257bdb65ac4b8,PASS
figures/fulltext/F_top_terms.png,True,09ef5476bb517f8c1f6d648bddb7804fc4b3eea257014590fd11c001090fd21c,09ef5476bb517f8c1f6d648bddb7804fc4b3eea257014590fd11c001090fd21c,PASS
figures/fulltext/F_topic_prevalence.pdf,True,e61581c7180f2b025be3838bef16f1765e6ac8d955d4f5432305decbcfe9c55d,e61581c7180f2b025be3838bef16f1765e6ac8d955d4f5432305decbcfe9c55d,PASS
figures/fulltext/F_topic_prevalence.png,True,1782b1199e9a518b9e1683b3abfbe31c0f840138d515edacb50acb6af3de1287,1782b1199e9a518b9e1683b3abfbe31c0f840138d515edacb50acb6af3de1287,PASS
figures/fulltext/F_topic_similarity_matrix.pdf,True,0f8dce661254cf5b3c169fa0d7a367674a4c198713a436fc9a3a32a5c09eb66a,0f8dce661254cf5b3c169fa0d7a367674a4c198713a436fc9a3a32a5c09eb66a,PASS
figures/fulltext/F_topic_similarity_matrix.png,True,004e34362d44f21563e641076f517b7140ecbb7a3da99c72d0a0ae111df93eb1,004e34362d44f21563e641076f517b7140ecbb7a3da99c72d0a0ae111df93eb1,PASS
figures/human_validation/HF1_3_ratings_by_topic.pdf,True,71d7b92e8c92fc532f6906bd10a0321b4857aa3820a4ff52bc108197a52556d0,71d7b92e8c92fc532f6906bd10a0321b4857aa3820a4ff52bc108197a52556d0,PASS
figures/human_validation/HF1_3_ratings_by_topic.png,True,842aa3159184465a4eaf9219372ef260ca1374456f664895d0a2da306e86c19a,842aa3159184465a4eaf9219372ef260ca1374456f664895d0a2da306e86c19a,PASS
figures/human_validation/HF4_rater_comparison.pdf,True,9ba13b4d7492abd5be6d6278b8652015e4202ca6c9c17592804aa2abbcc10016,9ba13b4d7492abd5be6d6278b8652015e4202ca6c9c17592804aa2abbcc10016,PASS
figures/human_validation/HF4_rater_comparison.png,True,b4333eb872f9ac815e81addc1d718167ee922f2a40d818c9842b01c36b72ee8c,b4333eb872f9ac815e81addc1d718167ee922f2a40d818c9842b01c36b72ee8c,PASS
figures/human_validation/HF5_combined_profile.pdf,True,146f2047f0cd88eb4096d7b87c8d428711a50a51295510ee0872770f6120d28a,146f2047f0cd88eb4096d7b87c8d428711a50a51295510ee0872770f6120d28a,PASS
figures/human_validation/HF5_combined_profile.png,True,a2c48543af89ecc5f76800df8977354ecfe376c91eba6f4d0ef43f5839dd0806,a2c48543af89ecc5f76800df8977354ecfe376c91eba6f4d0ef43f5839dd0806,PASS
figures/human_validation/HM1_ratings_by_candidate_model.pdf,True,32c61676bb2e564b035e90317ce9ea09d93230bdde30ba66dc859aa2843299f2,32c61676bb2e564b035e90317ce9ea09d93230bdde30ba66dc859aa2843299f2,PASS
figures/human_validation/HM1_ratings_by_candidate_model.png,True,749c344f001067082a938312d09d41962f433d7a40e1083cdee9fa28989cbb7b,749c344f001067082a938312d09d41962f433d7a40e1083cdee9fa28989cbb7b,PASS
figures/human_validation/HM2_rater_comparison_by_model.pdf,True,b137cafa39e4137771210fbddf3691d84bfa9584c824547a288486754e0bedaf,b137cafa39e4137771210fbddf3691d84bfa9584c824547a288486754e0bedaf,PASS
figures/human_validation/HM2_rater_comparison_by_model.png,True,3612ac5ea0ea3fb9012348dec582997870d5f3a443fb43826e393091b5b54067,3612ac5ea0ea3fb9012348dec582997870d5f3a443fb43826e393091b5b54067,PASS
figures/human_validation/HM3_preferred_topic_count.pdf,True,2eefc457d7b605f2e1308426b71580c95298d52f4ab7acca9918bbc765bdb290,2eefc457d7b605f2e1308426b71580c95298d52f4ab7acca9918bbc765bdb290,PASS
figures/human_validation/HM3_preferred_topic_count.png,True,56940e0ac579bde336f77ceb1fd14a1f0192284da68d0ceb0218079823410c7d,56940e0ac579bde336f77ceb1fd14a1f0192284da68d0ceb0218079823410c7d,PASS
figures/metadata/M10_seed_similarity_heatmap.pdf,True,0e15c340734bf9f4f4c842a3e83c1aa470b4d57b5427e8a2cdc8396c17c23695,0e15c340734bf9f4f4c842a3e83c1aa470b4d57b5427e8a2cdc8396c17c23695,PASS
figures/metadata/M10_seed_similarity_heatmap.png,True,5eda2b5f1cadf229c591ac9dc1464b227526a526d6946c0e26ae56d6d2a3cf2b,5eda2b5f1cadf229c591ac9dc1464b227526a526d6946c0e26ae56d6d2a3cf2b,PASS
figures/metadata/M15_dominant_topic_confidence.pdf,True,32e50c802677ab2fc730fcf20446b03ea1ba36fa436fae78e02d7e26d13e29e2,32e50c802677ab2fc730fcf20446b03ea1ba36fa436fae78e02d7e26d13e29e2,PASS
figures/metadata/M15_dominant_topic_confidence.png,True,55ca24419474702c41a10fb081a2601e12377d7da25be99bc1c306bf5c218a05,55ca24419474702c41a10fb081a2601e12377d7da25be99bc1c306bf5c218a05,PASS
figures/metadata/M1_cv_vs_k.pdf,True,889701c0b8dd669258d6eb0a615282de11037d682ce8e5e7336dc8ca14329389,889701c0b8dd669258d6eb0a615282de11037d682ce8e5e7336dc8ca14329389,PASS
figures/metadata/M1_cv_vs_k.png,True,77a07b0b9f952bd74a922e654e9076a3f856f4686e9a31a31919f1774e7a8cef,77a07b0b9f952bd74a922e654e9076a3f856f4686e9a31a31919f1774e7a8cef,PASS
figures/metadata/M2_cnpmi_vs_k.pdf,True,98fce21848f84630915ecadcfd66d2cd982df4a7ed60f3a5aa9248a81cb6ec9b,98fce21848f84630915ecadcfd66d2cd982df4a7ed60f3a5aa9248a81cb6ec9b,PASS
figures/metadata/M2_cnpmi_vs_k.png,True,a7531cd729dc6dd7abb8f42e356d89d0e4d01a0c10b678471ca691548c9da2ce,a7531cd729dc6dd7abb8f42e356d89d0e4d01a0c10b678471ca691548c9da2ce,PASS
figures/metadata/M3_stability_vs_k.pdf,True,1647bc29cb8db93d6567c79e811f60aad24061a1df203a61f1ff4bb6c3dd515b,1647bc29cb8db93d6567c79e811f60aad24061a1df203a61f1ff4bb6c3dd515b,PASS
figures/metadata/M3_stability_vs_k.png,True,7d1aa6c50d78f54f5b669ac97377dc69e133329a9b9413ffc3b42ea76321c680,7d1aa6c50d78f54f5b669ac97377dc69e133329a9b9413ffc3b42ea76321c680,PASS
figures/metadata/M4_diversity_vs_k.pdf,True,bcc681d5cf0ad7f24053d912d4c9cfabc42db1cc43a1e8362a5a450e7da006c1,bcc681d5cf0ad7f24053d912d4c9cfabc42db1cc43a1e8362a5a450e7da006c1,PASS
figures/metadata/M4_diversity_vs_k.png,True,095d6da0426e5fd235791db89c62b885895479fe6e1ebb10d6b7d99ded9541ce,095d6da0426e5fd235791db89c62b885895479fe6e1ebb10d6b7d99ded9541ce,PASS
figures/metadata/M5_redundancy_vs_k.pdf,True,068397341bb5bb039bb740674f396528d10430bebf2e4ab681bda23429f52464,068397341bb5bb039bb740674f396528d10430bebf2e4ab681bda23429f52464,PASS
figures/metadata/M5_redundancy_vs_k.png,True,038e54279501742c1b4be25a359cfc052479937e63568631e48c42587ce31b1b,038e54279501742c1b4be25a359cfc052479937e63568631e48c42587ce31b1b,PASS
figures/metadata/M6_thin_zero_topics_vs_k.pdf,True,536aa93bd9d501655e7913b414a37a51751d4b63a4c4b16e765f967db0577e0f,536aa93bd9d501655e7913b414a37a51751d4b63a4c4b16e765f967db0577e0f,PASS
figures/metadata/M6_thin_zero_topics_vs_k.png,True,40b3e4f77a2dcf2d8c7495b1b06e2e9f183180e95755e095975e0ca5ed655e19,40b3e4f77a2dcf2d8c7495b1b06e2e9f183180e95755e095975e0ca5ed655e19,PASS
figures/metadata/M7_combined_model_selection.pdf,True,f6e12dc1b39462b5a88de507ba688b0bfdd8dce3fd6dd93d392bebc971f8820b,f6e12dc1b39462b5a88de507ba688b0bfdd8dce3fd6dd93d392bebc971f8820b,PASS
figures/metadata/M7_combined_model_selection.png,True,2b48d0380571729d733048187027e03ea612a4f48850f81454cec156b73a6c50,2b48d0380571729d733048187027e03ea612a4f48850f81454cec156b73a6c50,PASS
figures/metadata/M8_candidate_comparison_dominant_counts.pdf,True,31d8884a8b055c40cc38459d04ca899333e382f5ab634d2fc6a490bd0724b2b5,31d8884a8b055c40cc38459d04ca899333e382f5ab634d2fc6a490bd0724b2b5,PASS
figures/metadata/M8_candidate_comparison_dominant_counts.png,True,db3f7a6f0bcd5cd59ec59167808ad76605354118e033011c0caf725ce599737a,db3f7a6f0bcd5cd59ec59167808ad76605354118e033011c0caf725ce599737a,PASS
figures/metadata/M9_candidate_prevalence.pdf,True,120cbbfc1871a88d17ea08ef619fae6e05364df5c73ea6dc0ec1c1bb0308ec7d,120cbbfc1871a88d17ea08ef619fae6e05364df5c73ea6dc0ec1c1bb0308ec7d,PASS
figures/metadata/M9_candidate_prevalence.png,True,b303b3a8e733353bd518db27d5b561731923b54573084b7f7dc9a1ba7e8631e9,b303b3a8e733353bd518db27d5b561731923b54573084b7f7dc9a1ba7e8631e9,PASS
figures/metadata/M_confidence_margin_entropy.pdf,True,670eb8bd3786bc1f8e3b110fe537ab121dd1052e2c519a6a9ade8d0b9c6aa276,670eb8bd3786bc1f8e3b110fe537ab121dd1052e2c519a6a9ade8d0b9c6aa276,PASS
figures/metadata/M_confidence_margin_entropy.png,True,1a0841c3a3d5f050da13e005eb6a34a37b7ef93a0c01c2f920c551d59331221c,1a0841c3a3d5f050da13e005eb6a34a37b7ef93a0c01c2f920c551d59331221c,PASS
figures/metadata/M_document_topic_heatmap.pdf,True,e96c0fb3976e665c610ea68670cbd490a71c74b8b260c2972f17b784d5fb30a4,e96c0fb3976e665c610ea68670cbd490a71c74b8b260c2972f17b784d5fb30a4,PASS
figures/metadata/M_document_topic_heatmap.png,True,754860f40c1fd89df3b89f68b1b96d05003031b1ff239fa246cc3c604be5ee95,754860f40c1fd89df3b89f68b1b96d05003031b1ff239fa246cc3c604be5ee95,PASS
figures/metadata/M_representative_studies.pdf,True,5a4c2161a717c6b3656851fdee94da1c9c8db11b78e15a8d7a949b912affcd57,5a4c2161a717c6b3656851fdee94da1c9c8db11b78e15a8d7a949b912affcd57,PASS
figures/metadata/M_representative_studies.png,True,b9ab52dfe04f92e0156797ab8136f465ff8176aa5fe2229da178550dbf87ea57,b9ab52dfe04f92e0156797ab8136f465ff8176aa5fe2229da178550dbf87ea57,PASS
figures/metadata/M_top_terms.pdf,True,1736db06216a51d36895d72332a21995f487cd303c1ff32c582961e4fbcdc22e,1736db06216a51d36895d72332a21995f487cd303c1ff32c582961e4fbcdc22e,PASS
figures/metadata/M_top_terms.png,True,062951a1f0a409631c675275c568b10840231ad03e32f945c721737d3c537650,062951a1f0a409631c675275c568b10840231ad03e32f945c721737d3c537650,PASS
figures/metadata/M_topic_prevalence.pdf,True,b7ce354e0711b397d854a05f22ead9888df39a89898d99fe09439a9c2a929145,b7ce354e0711b397d854a05f22ead9888df39a89898d99fe09439a9c2a929145,PASS
figures/metadata/M_topic_prevalence.png,True,2a897a7ef2a15617d327ceb445d7968eec12022fa86ece4b309302247578f0f8,2a897a7ef2a15617d327ceb445d7968eec12022fa86ece4b309302247578f0f8,PASS
figures/metadata/M_topic_similarity_matrix.pdf,True,6d6a8883117bab9b59c3f78b6a867b031ac61540295c54603076c24b1ba98cd8,6d6a8883117bab9b59c3f78b6a867b031ac61540295c54603076c24b1ba98cd8,PASS
figures/metadata/M_topic_similarity_matrix.png,True,721e57bddfeacf2472631e5fa83f035f6bcc55e353fe5b142c554be32288aa52,721e57bddfeacf2472631e5fa83f035f6bcc55e353fe5b142c554be32288aa52,PASS
figures/robustness/R1_subsampling_topic_similarity_js.pdf,True,ae39d6340a532f6961ffe274aa3c5b2624326b471f5d9546d09a6b96a5fa55df,ae39d6340a532f6961ffe274aa3c5b2624326b471f5d9546d09a6b96a5fa55df,PASS
figures/robustness/R1_subsampling_topic_similarity_js.png,True,570f8a24d7986bac176398651dcc12f69189319783852d533e945c3531cb5f5f,570f8a24d7986bac176398651dcc12f69189319783852d533e945c3531cb5f5f,PASS
figures/robustness/R2_subsampling_ari.pdf,True,1ad5d359b7ed2331cbd68593f483ed668108778a209fe42f95999101aa193a10,1ad5d359b7ed2331cbd68593f483ed668108778a209fe42f95999101aa193a10,PASS
figures/robustness/R2_subsampling_ari.png,True,48ef68466044fc45c4d6829c60534fc344800cd14ef54fe488656c42a9b5e900,48ef68466044fc45c4d6829c60534fc344800cd14ef54fe488656c42a9b5e900,PASS
figures/robustness/R3_subsampling_nmi.pdf,True,d88dbf7b37ff1e914bfcaddfd6a5bc723ac54dc9f23765b60fb89270ada94f9c,d88dbf7b37ff1e914bfcaddfd6a5bc723ac54dc9f23765b60fb89270ada94f9c,PASS
figures/robustness/R3_subsampling_nmi.png,True,aca280da75e462f14f7f021969e4f07865161f7df4c740ece7de8286f143261d,aca280da75e462f14f7f021969e4f07865161f7df4c740ece7de8286f143261d,PASS
figures/robustness/R4_training_effort_sensitivity.pdf,True,a3a12f9a7fca622b184291302a782169acbc311660ee44e0a31d1c04d5aa7b9d,a3a12f9a7fca622b184291302a782169acbc311660ee44e0a31d1c04d5aa7b9d,PASS
figures/robustness/R4_training_effort_sensitivity.png,True,4f957922d589cae813b7bae73a793706c9bcde1358e36812c0058bbffca8d138,4f957922d589cae813b7bae73a793706c9bcde1358e36812c0058bbffca8d138,PASS
figures/robustness/R5_dictionary_sensitivity.pdf,True,bb16141cd93a65b7f8b7cda9341e70c0529e22851dd2b0f374cbc9f79b0d4c94,bb16141cd93a65b7f8b7cda9341e70c0529e22851dd2b0f374cbc9f79b0d4c94,PASS
figures/robustness/R5_dictionary_sensitivity.png,True,70559421182b88369fa4c73c9199ccd9e842e6419b5681507de40d5f6f598d6d,70559421182b88369fa4c73c9199ccd9e842e6419b5681507de40d5f6f598d6d,PASS
figures/robustness/R6_hf_term_sensitivity.pdf,True,747c898185b1de6c028990e1257fd8e1b014a8084dfc25302a9ced29dc0bd8b3,747c898185b1de6c028990e1257fd8e1b014a8084dfc25302a9ced29dc0bd8b3,PASS
figures/robustness/R6_hf_term_sensitivity.png,True,a990e26af8b4f8aceb41f8eb462a03a7ea1de4110c914300297a170eaa8e657d,a990e26af8b4f8aceb41f8eb462a03a7ea1de4110c914300297a170eaa8e657d,PASS
figures/robustness/R7_phrase_sensitivity.pdf,True,381a990f9c3150e219d96a9cc3ea6e0a5d9728653d5361780639439712da4d83,381a990f9c3150e219d96a9cc3ea6e0a5d9728653d5361780639439712da4d83,PASS
figures/robustness/R7_phrase_sensitivity.png,True,08eca1b4342575f9ac7854c4fb2c1f8a62db3f336569510ab8504a56ee6f0f9c,08eca1b4342575f9ac7854c4fb2c1f8a62db3f336569510ab8504a56ee6f0f9c,PASS
figures/robustness/R8_robustness_evidence_matrix.pdf,True,1a62ddbbd0241b54b226059a74a8190eb690e83f289f517c3c07eb931b840841,1a62ddbbd0241b54b226059a74a8190eb690e83f289f517c3c07eb931b840841,PASS
figures/robustness/R8_robustness_evidence_matrix.png,True,41c7f257064a44b7a07f7c506ddea638b70d25d5eb4a2a4a218394f80c8a8f6b,41c7f257064a44b7a07f7c506ddea638b70d25d5eb4a2a4a218394f80c8a8f6b,PASS
human_validation/FINAL_HUMAN_VALIDATED_TOPIC_LABELS.csv,True,4efa3f504ec07714434f1025d8694f45052ccd310f96747988f8d9173ef30b04,4efa3f504ec07714434f1025d8694f45052ccd310f96747988f8d9173ef30b04,PASS
human_validation/FINAL_TOPIC_LABELS.csv,True,b8f66dd868eb4a3bd0ac383e33d6f0332c67988ae2bc85349bfabf2e7463007d,b8f66dd868eb4a3bd0ac383e33d6f0332c67988ae2bc85349bfabf2e7463007d,PASS
human_validation/Human_Result/Final_Result_Summary/FINAL_TOPIC_LABELS_RECONCILED.xlsx,True,403164345c295ee6fb3649b34e6d685fe9a297b2b0a789b07a3c4a584c9000ed,403164345c295ee6fb3649b34e6d685fe9a297b2b0a789b07a3c4a584c9000ed,PASS
human_validation/Human_Result/Final_Result_Summary/LDA_Human_Validation_Combined_Evaluation.xlsx,True,01acd1fd5c590b801175902af3be2a730699f7877b1635743163157d1c667651,01acd1fd5c590b801175902af3be2a730699f7877b1635743163157d1c667651,PASS
human_validation/Human_Result/Final_Result_Summary/Metadata_LDA_Human_Validation_Combined_Evaluation.xlsx,True,735cc6d3a2149aaebeeab07aebe5b92fb9819d091576c152800202e5e876c28e,735cc6d3a2149aaebeeab07aebe5b92fb9819d091576c152800202e5e876c28e,PASS
human_validation/Human_Result/Full_Text/LDA_Topic_Validation_Results.xlsx,True,10fc28def354ef6461440703873ef401e7428cb2e7214900b7b6cecdc8d641f2,10fc28def354ef6461440703873ef401e7428cb2e7214900b7b6cecdc8d641f2,PASS
human_validation/Human_Result/Full_Text/candidate_rating_sheet_rater1_evaluated.csv,True,69ab29dd08e419f7fe97743f4dd778f4c3a42128ed0f41fd651577b67e6e06cc,69ab29dd08e419f7fe97743f4dd778f4c3a42128ed0f41fd651577b67e6e06cc,PASS
human_validation/Human_Result/Full_Text/files/candidate_rating_sheet_rater2.csv,True,a6854b77972b46e8eab4243bb0d7a316d3429ebd0179e5a26232fea32b79dd00,a6854b77972b46e8eab4243bb0d7a316d3429ebd0179e5a26232fea32b79dd00,PASS
human_validation/Human_Result/Full_Text/files/model_level_questions_rater2.csv,True,e5a876d54a58931a9d37ec896214cb7dbdc7eaf27f0bad1f77b681fcb2795547,e5a876d54a58931a9d37ec896214cb7dbdc7eaf27f0bad1f77b681fcb2795547,PASS
human_validation/Human_Result/Full_Text/model_level_questions_rater1_evaluated.csv,True,ed24a15760c14868da2b9897396969ca7b7cf37d993d371a55f6a3deae66a06e,ed24a15760c14868da2b9897396969ca7b7cf37d993d371a55f6a3deae66a06e,PASS
human_validation/Human_Result/Metadata/2/candidate_rating_sheet_rater1_completed.csv,True,a3b1e497f48561a531cca0a099df9e00b364bbf78434c0241cbe7eb50014d322,a3b1e497f48561a531cca0a099df9e00b364bbf78434c0241cbe7eb50014d322,PASS
human_validation/Human_Result/Metadata/2/intrusion_test_sheet_completed.csv,True,f6e2bd69b30406d0540a2e5162f9ca3f0b11919053dc1962e6a97619f548efd5,f6e2bd69b30406d0540a2e5162f9ca3f0b11919053dc1962e6a97619f548efd5,PASS
human_validation/Human_Result/Metadata/2/model_level_questions_rater1_completed.csv,True,f99775451a811ab46c6931c72bce26461780b5cd606fd99458895efef428114f,f99775451a811ab46c6931c72bce26461780b5cd606fd99458895efef428114f,PASS
human_validation/Human_Result/Metadata/2/overall_preference_sheet_completed.csv,True,471ed80d2bb255baad6347269e6d99ff9b0d43049b2887c3a1cd431377a29851,471ed80d2bb255baad6347269e6d99ff9b0d43049b2887c3a1cd431377a29851,PASS
human_validation/Human_Result/Metadata/files/candidate_rating_sheet_rater2.csv,True,7ad26a64dc8ab1264fbde40f94c5ef66576050d75f2a9eefc2fc6619f9fb4f15,7ad26a64dc8ab1264fbde40f94c5ef66576050d75f2a9eefc2fc6619f9fb4f15,PASS
human_validation/Human_Result/Metadata/files/intrusion_test_sheet.csv,True,29306909911c27407474fe5005744abda4d9c641fd54ba50f356f9536f58c5b2,29306909911c27407474fe5005744abda4d9c641fd54ba50f356f9536f58c5b2,PASS
human_validation/Human_Result/Metadata/files/model_level_questions_rater2.csv,True,4a2ebeaf81015d141e799e9804bd8ed1a6121709b8c40dc15b3286a39d86c904,4a2ebeaf81015d141e799e9804bd8ed1a6121709b8c40dc15b3286a39d86c904,PASS
human_validation/Human_Result/Metadata/files/overall_preference_sheet_template.csv,True,43db2d26f0e17db36be60afd0aca2638afd51115cc767c2b03f8da0adab87439,43db2d26f0e17db36be60afd0aca2638afd51115cc767c2b03f8da0adab87439,PASS
human_validation/fulltext/topic_00_packet.json,True,ec0e82576b9cc3a8612e95bffc620f47a23718fb79281cdb596a280dfbad1d1b,ec0e82576b9cc3a8612e95bffc620f47a23718fb79281cdb596a280dfbad1d1b,PASS
human_validation/fulltext/topic_01_packet.json,True,e6aeeb5ce95d619f8d075b8e0fcbfcd7b3caeef49fca16be2ab8582dc4f4b730,e6aeeb5ce95d619f8d075b8e0fcbfcd7b3caeef49fca16be2ab8582dc4f4b730,PASS
human_validation/fulltext/topic_02_packet.json,True,edefc7a060e29edfb074b5de3b076641e95fc109e1e8d0b829fd41f51e86ae43,edefc7a060e29edfb074b5de3b076641e95fc109e1e8d0b829fd41f51e86ae43,PASS
human_validation/fulltext/topic_03_packet.json,True,ae70df4155b0a6099d4c6343ee9b56adc1a5a4cd050175a1ea7e59783f9333b0,ae70df4155b0a6099d4c6343ee9b56adc1a5a4cd050175a1ea7e59783f9333b0,PASS
human_validation/fulltext/topic_04_packet.json,True,598d671ee78cad8b6a15af19d2003ca0375d38e73f3818806b9d27e09fd36d86,598d671ee78cad8b6a15af19d2003ca0375d38e73f3818806b9d27e09fd36d86,PASS
human_validation/fulltext/topic_05_packet.json,True,bcd10a4c2151092e980a1907c1532f5f204e4363144370c9320677529d8105dc,bcd10a4c2151092e980a1907c1532f5f204e4363144370c9320677529d8105dc,PASS
human_validation/fulltext/topic_06_packet.json,True,e574fbb1539357b3ce4ecaacc076f7db648d7dac6f55ce4df8d4eba9f9969232,e574fbb1539357b3ce4ecaacc076f7db648d7dac6f55ce4df8d4eba9f9969232,PASS
human_validation/fulltext/topic_07_packet.json,True,0c4c53c48cee2e74f6b404120d0883bafaffac08beab2c952e6f07122f38e837,0c4c53c48cee2e74f6b404120d0883bafaffac08beab2c952e6f07122f38e837,PASS
human_validation/fulltext/topic_rating_sheet_rater1.csv,True,d9137eef70a280bf0e1d1f7f6c005e7fea8b183d047f6d609202876d3a8c2838,d9137eef70a280bf0e1d1f7f6c005e7fea8b183d047f6d609202876d3a8c2838,PASS
human_validation/fulltext/topic_rating_sheet_rater2.csv,True,d9137eef70a280bf0e1d1f7f6c005e7fea8b183d047f6d609202876d3a8c2838,d9137eef70a280bf0e1d1f7f6c005e7fea8b183d047f6d609202876d3a8c2838,PASS
human_validation/fulltext_final_blinded/Model_A_topic_00_packet.json,True,5f9a3cb2d675c2e2b782cf32bde8733469364f3a5c5213237345ea7daee8c2e8,5f9a3cb2d675c2e2b782cf32bde8733469364f3a5c5213237345ea7daee8c2e8,PASS
human_validation/fulltext_final_blinded/Model_A_topic_01_packet.json,True,f8ca30dc1c3b140f1fb5a305e1460a9cb6536bfbc6e721dfe1aa45ab66758429,f8ca30dc1c3b140f1fb5a305e1460a9cb6536bfbc6e721dfe1aa45ab66758429,PASS
human_validation/fulltext_final_blinded/Model_A_topic_02_packet.json,True,cb247828bc42f6b0979a9562890ab5e06a4443f60fca0dc4b1accbd164d21037,cb247828bc42f6b0979a9562890ab5e06a4443f60fca0dc4b1accbd164d21037,PASS
human_validation/fulltext_final_blinded/Model_A_topic_03_packet.json,True,219342c260b77e03367dd80520df663d4ccea19da4dbc6ebfa087f8b6af8192a,219342c260b77e03367dd80520df663d4ccea19da4dbc6ebfa087f8b6af8192a,PASS
human_validation/fulltext_final_blinded/Model_A_topic_04_packet.json,True,57ad788845e0b5929e758628c3aa07315ce41f007c117a652908e017b342610a,57ad788845e0b5929e758628c3aa07315ce41f007c117a652908e017b342610a,PASS
human_validation/fulltext_final_blinded/Model_A_topic_05_packet.json,True,d821b18f887fa5480440a4e405cbba2ec65050412ec29943d72c4014e9ff53bf,d821b18f887fa5480440a4e405cbba2ec65050412ec29943d72c4014e9ff53bf,PASS
human_validation/fulltext_final_blinded/Model_A_topic_06_packet.json,True,9fb69f1e29f48223766207b351e1e99a6c48209bd480a5a83fbd3c3bb1704d48,9fb69f1e29f48223766207b351e1e99a6c48209bd480a5a83fbd3c3bb1704d48,PASS
human_validation/fulltext_final_blinded/Model_A_topic_07_packet.json,True,e63b00c5f261530113730dfcd8193dc6b93eb20ca86b7986217510272658d948,e63b00c5f261530113730dfcd8193dc6b93eb20ca86b7986217510272658d948,PASS
human_validation/fulltext_final_blinded/candidate_rating_sheet_rater1.csv,True,21421224555688bb4e957a818317bb04968ba47f56d7dbc5a16f3773cbd37589,21421224555688bb4e957a818317bb04968ba47f56d7dbc5a16f3773cbd37589,PASS
human_validation/fulltext_final_blinded/candidate_rating_sheet_rater2.csv,True,21421224555688bb4e957a818317bb04968ba47f56d7dbc5a16f3773cbd37589,21421224555688bb4e957a818317bb04968ba47f56d7dbc5a16f3773cbd37589,PASS
human_validation/fulltext_final_blinded/model_level_questions_rater1.csv,True,e37f278782720e52e1c20a7335964ad628cb9444e06e8c235042914115325dce,e37f278782720e52e1c20a7335964ad628cb9444e06e8c235042914115325dce,PASS
human_validation/fulltext_final_blinded/model_level_questions_rater2.csv,True,e37f278782720e52e1c20a7335964ad628cb9444e06e8c235042914115325dce,e37f278782720e52e1c20a7335964ad628cb9444e06e8c235042914115325dce,PASS
human_validation/fulltext_final_blinded/overall_preference_sheet_template.csv,True,0c925a4f7a9b6fc85f2d0d5ccc65b365f803c52e9a33b69c60eea4f3595b9c40,0c925a4f7a9b6fc85f2d0d5ccc65b365f803c52e9a33b69c60eea4f3595b9c40,PASS
human_validation/fulltext_final_model_key.json,True,8105f066d6c92db54bfa9224ed77d0be6e2756f75b24764b7dc13e59649f3abc,8105f066d6c92db54bfa9224ed77d0be6e2756f75b24764b7dc13e59649f3abc,PASS
human_validation/fulltext_human_ratings_per_topic.csv,True,a6d5127be95cb70694e400023173b13d87017324c5807dc8e7ecc678488e19de,a6d5127be95cb70694e400023173b13d87017324c5807dc8e7ecc678488e19de,PASS
human_validation/fulltext_human_ratings_raw.csv,True,df07a77fb15434173d422847ddcbcaae5f657086237233e5889613a5a0402c23,df07a77fb15434173d422847ddcbcaae5f657086237233e5889613a5a0402c23,PASS
human_validation/fulltext_human_validation_summary.json,True,eda81a085a5034630386bb50ab16b33a72a2b19d712abb25b682d476ad705c81,eda81a085a5034630386bb50ab16b33a72a2b19d712abb25b682d476ad705c81,PASS
human_validation/metadata/topic_00_packet.json,True,eadd1eaf400092fe3ce2acbe089cafb5a16aaa1c8943961c291ecf62027d2e45,eadd1eaf400092fe3ce2acbe089cafb5a16aaa1c8943961c291ecf62027d2e45,PASS
human_validation/metadata/topic_01_packet.json,True,abd962959b01f2316a9b53052212e7bfbd694c5467ca5d24cc1058e54915b3f8,abd962959b01f2316a9b53052212e7bfbd694c5467ca5d24cc1058e54915b3f8,PASS
human_validation/metadata/topic_02_packet.json,True,98813e82ce1e1bca2f394dd5fd585fe4055f0e96720b623f6c92197178fb4a24,98813e82ce1e1bca2f394dd5fd585fe4055f0e96720b623f6c92197178fb4a24,PASS
human_validation/metadata/topic_03_packet.json,True,f0f22ad6801cc8d14b1fde323322da0f675c327e22aba374240bc2d021a1d2d2,f0f22ad6801cc8d14b1fde323322da0f675c327e22aba374240bc2d021a1d2d2,PASS
human_validation/metadata/topic_rating_sheet_rater1.csv,True,9b82cb9a96324a8ad60d60cffd6ac4ba3c038a3dc7acc712895ccae70f97682d,9b82cb9a96324a8ad60d60cffd6ac4ba3c038a3dc7acc712895ccae70f97682d,PASS
human_validation/metadata/topic_rating_sheet_rater2.csv,True,9b82cb9a96324a8ad60d60cffd6ac4ba3c038a3dc7acc712895ccae70f97682d,9b82cb9a96324a8ad60d60cffd6ac4ba3c038a3dc7acc712895ccae70f97682d,PASS
human_validation/metadata_candidate_blinded/Model_A_topic_00_packet.json,True,81c8f8eb22e7a5ea21af151c2e651075b2a599f5287a332a49374df356312303,81c8f8eb22e7a5ea21af151c2e651075b2a599f5287a332a49374df356312303,PASS
human_validation/metadata_candidate_blinded/Model_A_topic_01_packet.json,True,e53534feda3ecc26c93df3f534736799acb17f0c9471191ead4800772f4f4631,e53534feda3ecc26c93df3f534736799acb17f0c9471191ead4800772f4f4631,PASS
human_validation/metadata_candidate_blinded/Model_A_topic_02_packet.json,True,96e16798a3e6e5a11b47c4518aca3fa7ccdda11c07572ae8f16d0520ca2b9234,96e16798a3e6e5a11b47c4518aca3fa7ccdda11c07572ae8f16d0520ca2b9234,PASS
human_validation/metadata_candidate_blinded/Model_A_topic_03_packet.json,True,f510ead87cff080eb06592b8851041181ee9af7a7b84b498dfd12bddb8ba6dee,f510ead87cff080eb06592b8851041181ee9af7a7b84b498dfd12bddb8ba6dee,PASS
human_validation/metadata_candidate_blinded/Model_A_topic_04_packet.json,True,e13df306f022a8d2a92c6b639ebcdf46d49a1d293222d932aae42c73bf02edce,e13df306f022a8d2a92c6b639ebcdf46d49a1d293222d932aae42c73bf02edce,PASS
human_validation/metadata_candidate_blinded/Model_B_topic_00_packet.json,True,5ff2fafb8952f4a95fc7a76f6357b201db64cfb28b47dd06c076304e804a9de0,5ff2fafb8952f4a95fc7a76f6357b201db64cfb28b47dd06c076304e804a9de0,PASS
human_validation/metadata_candidate_blinded/Model_B_topic_01_packet.json,True,699a466b70714ea53727dcadaaf78d7a6a9e9eccdf9d1ba137d7bb148eb204c0,699a466b70714ea53727dcadaaf78d7a6a9e9eccdf9d1ba137d7bb148eb204c0,PASS
human_validation/metadata_candidate_blinded/Model_B_topic_02_packet.json,True,ded26c9320db8ea3a0d907ac51bcf09882c7b103908118d367278ce354bdc629,ded26c9320db8ea3a0d907ac51bcf09882c7b103908118d367278ce354bdc629,PASS
human_validation/metadata_candidate_blinded/Model_C_topic_00_packet.json,True,7a65376cf13eba525ec460c6ae2de66d3eb8a4b184ea2f772ad229aac1a21301,7a65376cf13eba525ec460c6ae2de66d3eb8a4b184ea2f772ad229aac1a21301,PASS
human_validation/metadata_candidate_blinded/Model_C_topic_01_packet.json,True,01f69a861163ab83840904ed983d28d3b40525992571f5e61b7d44449806d07c,01f69a861163ab83840904ed983d28d3b40525992571f5e61b7d44449806d07c,PASS
human_validation/metadata_candidate_blinded/Model_D_topic_00_packet.json,True,8605cf8478b1a0219202bf6616ab3e3e0fcca3047b9f916f8f607de9758acafb,8605cf8478b1a0219202bf6616ab3e3e0fcca3047b9f916f8f607de9758acafb,PASS
human_validation/metadata_candidate_blinded/Model_D_topic_01_packet.json,True,3e8326d2063451722a047ea09a8414aee5ce31296a5a92c19ae5f1ed6a3d7b2b,3e8326d2063451722a047ea09a8414aee5ce31296a5a92c19ae5f1ed6a3d7b2b,PASS
human_validation/metadata_candidate_blinded/Model_D_topic_02_packet.json,True,05f6b24918fa6eb519e0da5b06f6e9b5335e6b11eebe2f00412e9e1af1858c3e,05f6b24918fa6eb519e0da5b06f6e9b5335e6b11eebe2f00412e9e1af1858c3e,PASS
human_validation/metadata_candidate_blinded/Model_D_topic_03_packet.json,True,908f72116036ee892847ea475ef1932b595e281f40717f9cca9c6ac89d2fa8d3,908f72116036ee892847ea475ef1932b595e281f40717f9cca9c6ac89d2fa8d3,PASS
human_validation/metadata_candidate_blinded/candidate_rating_sheet_rater1.csv,True,29205b19949cb02271bf124a191a340b35f8f5028db4f0350ad0a7913d488c2f,29205b19949cb02271bf124a191a340b35f8f5028db4f0350ad0a7913d488c2f,PASS
human_validation/metadata_candidate_blinded/candidate_rating_sheet_rater2.csv,True,29205b19949cb02271bf124a191a340b35f8f5028db4f0350ad0a7913d488c2f,29205b19949cb02271bf124a191a340b35f8f5028db4f0350ad0a7913d488c2f,PASS
human_validation/metadata_candidate_blinded/intrusion_test_sheet.csv,True,99e2eceb1b1a7fcec3b79856d471acecf5683c331812fb547080bc10bc6a1a7a,99e2eceb1b1a7fcec3b79856d471acecf5683c331812fb547080bc10bc6a1a7a,PASS
human_validation/metadata_candidate_blinded/model_level_questions_rater1.csv,True,3cdcac2d34c826b3e6c07309fbb14e7bf35e9c7981e6160c2f78d4ff6f85d448,3cdcac2d34c826b3e6c07309fbb14e7bf35e9c7981e6160c2f78d4ff6f85d448,PASS
human_validation/metadata_candidate_blinded/model_level_questions_rater2.csv,True,3cdcac2d34c826b3e6c07309fbb14e7bf35e9c7981e6160c2f78d4ff6f85d448,3cdcac2d34c826b3e6c07309fbb14e7bf35e9c7981e6160c2f78d4ff6f85d448,PASS
human_validation/metadata_candidate_blinded/overall_preference_sheet_template.csv,True,0c925a4f7a9b6fc85f2d0d5ccc65b365f803c52e9a33b69c60eea4f3595b9c40,0c925a4f7a9b6fc85f2d0d5ccc65b365f803c52e9a33b69c60eea4f3595b9c40,PASS
human_validation/metadata_candidate_model_key.json,True,69ae47d577d2ab6ca508f8c19136f65b951a3834f88d597c9831e8ab3839f619,69ae47d577d2ab6ca508f8c19136f65b951a3834f88d597c9831e8ab3839f619,PASS
human_validation/metadata_human_intrusion_scored.csv,True,7733172182a3453ca668c0de7565f2c59f93896bb85a7b8a67302d0b55bce6c5,7733172182a3453ca668c0de7565f2c59f93896bb85a7b8a67302d0b55bce6c5,PASS
human_validation/metadata_human_model_level_questions.csv,True,ac61cbd66aa516b9c2ee2e776d10ce38507a5d1f502ea08cf2dcf158c0c610a6,ac61cbd66aa516b9c2ee2e776d10ce38507a5d1f502ea08cf2dcf158c0c610a6,PASS
human_validation/metadata_human_model_scores.csv,True,8eb712a8b150bf4f478ead90065614ad6f4eb83e6aaeb10776152d1f617222dc,8eb712a8b150bf4f478ead90065614ad6f4eb83e6aaeb10776152d1f617222dc,PASS
human_validation/metadata_human_overall_preferences.csv,True,6bc1384e4e7d8def6c16d37a55d466180054f5973aa01f21b4f3eee5698af909,6bc1384e4e7d8def6c16d37a55d466180054f5973aa01f21b4f3eee5698af909,PASS
human_validation/metadata_human_ratings_per_topic.csv,True,911d018e89ff1a6f487923d0c1487c8deaae120fe3ffd67fefcd2ef16201ef00,911d018e89ff1a6f487923d0c1487c8deaae120fe3ffd67fefcd2ef16201ef00,PASS
human_validation/metadata_human_validation_summary.json,True,2d45cdb7a70ca7ba9dde4cf8012487c2527b37f0fee83bdd3dd84f3c1c274f7f,2d45cdb7a70ca7ba9dde4cf8012487c2527b37f0fee83bdd3dd84f3c1c274f7f,PASS
human_validation/metadata_intrusion_test_answers.json.csv,True,412368085d37726ae24266c8e6cd5f2a9138f4cacbe402455b79a1e2439bd584,412368085d37726ae24266c8e6cd5f2a9138f4cacbe402455b79a1e2439bd584,PASS
logs/logs_domain_fulltext.txt,True,19d0a7ae145465a41dbadfa3a2695afe46790411a96d2fae420a885b8a878309,19d0a7ae145465a41dbadfa3a2695afe46790411a96d2fae420a885b8a878309,PASS
logs/logs_domain_metadata.txt,True,47498a1f5026674f3b54629ae04a9941fd1f8e8dfc5dc6e5929153a195e841b7,47498a1f5026674f3b54629ae04a9941fd1f8e8dfc5dc6e5929153a195e841b7,PASS
logs/logs_ksweep_fulltext.txt,True,f79a7de83391d401861b1c865dda372477a99c68c761eec2e77a0f4708307392,f79a7de83391d401861b1c865dda372477a99c68c761eec2e77a0f4708307392,PASS
logs/logs_ksweep_metadata.txt,True,9298f93064009a5b402725466441fa5af0cffa2e7ce8b979f87895e84df4bcff,9298f93064009a5b402725466441fa5af0cffa2e7ce8b979f87895e84df4bcff,PASS
logs/logs_length_diag.txt,True,eb863561f21be12c231ab2f39c0e8e89839613fae5a7d3b72c32b15dfd51c335,eb863561f21be12c231ab2f39c0e8e89839613fae5a7d3b72c32b15dfd51c335,PASS
logs/logs_phrase_fulltext.txt,True,47354cfe1cd2100cab21e0baa405c75ced28fd949f985bc0d6fd7cf76755fa12,47354cfe1cd2100cab21e0baa405c75ced28fd949f985bc0d6fd7cf76755fa12,PASS
logs/logs_phrase_metadata.txt,True,625ef503295e512ac250dacfc2cf5eeb6c66aca3edf9b6d5c5122b204b77d0b6,625ef503295e512ac250dacfc2cf5eeb6c66aca3edf9b6d5c5122b204b77d0b6,PASS
logs/logs_robustness_subsample_fulltext.txt,True,269d232c7ec34d81edc46d1e5bcfd627d6d376a16b338960a59736649bafb5e4,269d232c7ec34d81edc46d1e5bcfd627d6d376a16b338960a59736649bafb5e4,PASS
logs/logs_robustness_subsample_metadata.txt,True,0ccc7ab9b92c7fb55d8d52e7d0ccfa4524d45f86f29caf6cd1478e192e9af212,0ccc7ab9b92c7fb55d8d52e7d0ccfa4524d45f86f29caf6cd1478e192e9af212,PASS
logs/logs_robustness_te_dict_fulltext.txt,True,cbabf67c5668160d70a9f17f9b1131e412bbc1bd9fdeb5de8d47b90344981d98,cbabf67c5668160d70a9f17f9b1131e412bbc1bd9fdeb5de8d47b90344981d98,PASS
logs/logs_stage1_fulltext.txt,True,ad82b591e7b7aa776cd57380b2e92aa7d8e1d8a6def9d3649f17c5769e99554a,ad82b591e7b7aa776cd57380b2e92aa7d8e1d8a6def9d3649f17c5769e99554a,PASS
logs/logs_stage1_metadata.txt,True,237488fdfeb674c74222b6508949ea7c2f01d5f96fcfa31713bcea8ab867055b,237488fdfeb674c74222b6508949ea7c2f01d5f96fcfa31713bcea8ab867055b,PASS
logs/logs_stage2_fulltext.txt,True,23ad1c00d4005b9ad7f5e78b6142ea6874b7c25285dca8f178fff44f386173ed,23ad1c00d4005b9ad7f5e78b6142ea6874b7c25285dca8f178fff44f386173ed,PASS
logs/logs_stage2_metadata.txt,True,dd23939cd7032198200912783e54e5dc13686c1bd7acfaa165c4359d9e397597,dd23939cd7032198200912783e54e5dc13686c1bd7acfaa165c4359d9e397597,PASS
notebooks/01_corpus_audit.ipynb,True,4d6f0a650fd6b39793bc8d510e25d81c8762d2c68dda8a716ec48d82fcac127c,4d6f0a650fd6b39793bc8d510e25d81c8762d2c68dda8a716ec48d82fcac127c,PASS
notebooks/02_metadata_analysis.ipynb,True,c5e8083ba3c7fa7644f3abbe9350273f2d2fc2aca2ff0335628eb60d47d74388,c5e8083ba3c7fa7644f3abbe9350273f2d2fc2aca2ff0335628eb60d47d74388,PASS
notebooks/03_fulltext_analysis.ipynb,True,dc13ce71c7bce7e10d3d6adc645cf8d04c7273b3e44607063dc183406f38f127,dc13ce71c7bce7e10d3d6adc645cf8d04c7273b3e44607063dc183406f38f127,PASS
notebooks/04_robustness.ipynb,True,e5b4f0dabffd3776006550c515f947245428807c96e99ddafc0ff60cff600cc9,e5b4f0dabffd3776006550c515f947245428807c96e99ddafc0ff60cff600cc9,PASS
notebooks/05_human_validation.ipynb,True,ab4fe0e3b759281afe3e4fd7a884d21d6fb7c16c9d1260d4b4c2f2b1fbd50bfb,ab4fe0e3b759281afe3e4fd7a884d21d6fb7c16c9d1260d4b4c2f2b1fbd50bfb,PASS
notebooks/06_cross_representation.ipynb,True,efcb328cf30a58866bd1b9209bf15731a7421f29d9a040e0e5fb21740ccbf9e4,efcb328cf30a58866bd1b9209bf15731a7421f29d9a040e0e5fb21740ccbf9e4,PASS
preprocessing/fulltext/lemma_surface_map.json,True,0620b0f921225c37db9441c4bb36937312733333c316826ac9cc9110ee83653e,0620b0f921225c37db9441c4bb36937312733333c316826ac9cc9110ee83653e,PASS
preprocessing/fulltext/lemmatized_tokens.json,True,9150958ef327216fea2fe82b497dac129c80ea299011bcc66181bababe081064,9150958ef327216fea2fe82b497dac129c80ea299011bcc66181bababe081064,PASS
preprocessing/fulltext/lemmatized_tokens_corrected.json,True,98879b537c7b4d6593750575548d967bd098b2ad4f6275654ae9f73a06248d63,98879b537c7b4d6593750575548d967bd098b2ad4f6275654ae9f73a06248d63,PASS
preprocessing/fulltext/preprocessing_meta.json,True,2287e45a44a2020fdccee285f30b1f377e84fbb42df8dfbd4d90c5d72f905a19,2287e45a44a2020fdccee285f30b1f377e84fbb42df8dfbd4d90c5d72f905a19,PASS
preprocessing/fulltext/spacy_stopwords.txt,True,f1ed43383348cbfb9e5347cd2d79c36995c3045b16d9ff0fd09b6e69ee63b045,f1ed43383348cbfb9e5347cd2d79c36995c3045b16d9ff0fd09b6e69ee63b045,PASS
preprocessing/fulltext_high_frequency_terms.csv,True,80e28bc1053b3f1e5979e2a2b47bfeee277b1c2831dab6e16128bd2417f21c74,80e28bc1053b3f1e5979e2a2b47bfeee277b1c2831dab6e16128bd2417f21c74,PASS
preprocessing/lemma_audit_review_candidates.csv,True,8ee35218f9c0dee08f68c9a68638c355d713d6a9e9ba2a1d826fdb6101594843,8ee35218f9c0dee08f68c9a68638c355d713d6a9e9ba2a1d826fdb6101594843,PASS
preprocessing/lemma_corrections.csv,True,5f1e4c8d036e7bb8cc67e8a0cdaf9ee340c0a4a389efa0765109de83a8b5aafe,5f1e4c8d036e7bb8cc67e8a0cdaf9ee340c0a4a389efa0765109de83a8b5aafe,PASS
preprocessing/metadata/lemma_surface_map.json,True,4922b6811be6cd8d14914fc4a3803c8741e489473bf76b79f9682daa39fb72dc,4922b6811be6cd8d14914fc4a3803c8741e489473bf76b79f9682daa39fb72dc,PASS
preprocessing/metadata/lemmatized_tokens.json,True,75546c864a498a4a287aee59dc3099c1050b6551c72e5c6aab20264d812cc558,75546c864a498a4a287aee59dc3099c1050b6551c72e5c6aab20264d812cc558,PASS
preprocessing/metadata/lemmatized_tokens_corrected.json,True,ebc699ce00fc134bce8b1581e2a08acdeb21aab7838a031bf3fe525ef839e7ea,ebc699ce00fc134bce8b1581e2a08acdeb21aab7838a031bf3fe525ef839e7ea,PASS
preprocessing/metadata/preprocessing_meta.json,True,fa024113fb2e47518433168f57de5ff49c13a8a9f32bc1e2876750eb9746f882,fa024113fb2e47518433168f57de5ff49c13a8a9f32bc1e2876750eb9746f882,PASS
preprocessing/metadata/spacy_stopwords.txt,True,f1ed43383348cbfb9e5347cd2d79c36995c3045b16d9ff0fd09b6e69ee63b045,f1ed43383348cbfb9e5347cd2d79c36995c3045b16d9ff0fd09b6e69ee63b045,PASS
preprocessing/metadata_high_frequency_terms.csv,True,6a421043b99704524bd471d9c3e893ac11248ef4c2d3ceaf1e08ff92b34e971c,6a421043b99704524bd471d9c3e893ac11248ef4c2d3ceaf1e08ff92b34e971c,PASS
protocol/LDA_66_dual_representation_protocol.md,True,b7d2e1b5c3eb9e97a04bfd4e5c933f00c2b51a43befdbf0c1fb6fe464301e19c,b7d2e1b5c3eb9e97a04bfd4e5c933f00c2b51a43befdbf0c1fb6fe464301e19c,PASS
protocol/protocol_amendments.md,True,3b540573b8a0c2cca2bf71d5eda78a9ba308c14f010027ea0a85ce6a0ca93092,3b540573b8a0c2cca2bf71d5eda78a9ba308c14f010027ea0a85ce6a0ca93092,PASS
protocol/protocol_sha256.txt,True,9b75b46856aab0c11455c9cb6ea756494327d8f75187bf4e8adb2b2bf29e31d2,9b75b46856aab0c11455c9cb6ea756494327d8f75187bf4e8adb2b2bf29e31d2,PASS
reports/CROSS_REPRESENTATION_REPORT.md,True,37a66f6fc831833f95f5eccbcc869172b86a2f405f8f5bb7f1313d1db3d80c62,37a66f6fc831833f95f5eccbcc869172b86a2f405f8f5bb7f1313d1db3d80c62,PASS
reports/ENVIRONMENT_SNAPSHOT.md,True,31aa02a1b74d1e9ff3d49f13cca79ca594b75961b094e4e132d382694bedd3ea,31aa02a1b74d1e9ff3d49f13cca79ca594b75961b094e4e132d382694bedd3ea,PASS
reports/FIGURE_INDEX.md,True,8f48489d422701b5afe31830ac38f1e4c7a580f200fc6bb79eb70faec02b80d3,8f48489d422701b5afe31830ac38f1e4c7a580f200fc6bb79eb70faec02b80d3,PASS
reports/FINAL_K_DECISION_TABLE.md,True,5b17c867ec894f7f00220b764b7ff357dd6225afc3042bba6dee3c31f1f1c154,5b17c867ec894f7f00220b764b7ff357dd6225afc3042bba6dee3c31f1f1c154,PASS
reports/FINAL_LDA_REPORT.md,True,cae13b47794914af1c14c531e3988284b8eed2424e9ded43ab913073cd359697,cae13b47794914af1c14c531e3988284b8eed2424e9ded43ab913073cd359697,PASS
reports/FINAL_MANUSCRIPT_TRANSFER_TABLE.md,True,326902de3599ce1ccf6bef741306f7ddc4f8074a9533aa1775a1d876a028e42a,326902de3599ce1ccf6bef741306f7ddc4f8074a9533aa1775a1d876a028e42a,PASS
reports/FROZEN_MANUSCRIPT_VALUES.md,True,809904d5d0b850156865db7e942dfd035af9af22a633dbd4e822528b81296d43,809904d5d0b850156865db7e942dfd035af9af22a633dbd4e822528b81296d43,PASS
reports/FULLTEXT_FINAL_K_VALIDATION.md,True,0fc73d2860f698a7180c5b757532c8b3d6263161a8cdacbc06fdb4b0b9a747ce,0fc73d2860f698a7180c5b757532c8b3d6263161a8cdacbc06fdb4b0b9a747ce,PASS
reports/FULLTEXT_LDA_REPORT.md,True,544ebac74cd0c6f1698e496e9943579dd3b0bd7ae6296a35ee7fe4b0aeb69e89,544ebac74cd0c6f1698e496e9943579dd3b0bd7ae6296a35ee7fe4b0aeb69e89,PASS
reports/HUMAN_VALIDATION_REPORT.md,True,463a9d6d988098ac654fda469c7e043587f6c92d5ea5f5ae79a1b649bc88b39d,463a9d6d988098ac654fda469c7e043587f6c92d5ea5f5ae79a1b649bc88b39d,PASS
reports/MANUSCRIPT_READY_TEXT.md,True,bb437a5709beece1eef342d9531f92f9bcedcde5fab4c68ab5f1c594c7d96f0a,bb437a5709beece1eef342d9531f92f9bcedcde5fab4c68ab5f1c594c7d96f0a,PASS
reports/METADATA_FINAL_K_VALIDATION.md,True,971b3b471b50e87e9da1636b4a7c47e1e3a373f0a5fe82fb98432a0a213e9cc6,971b3b471b50e87e9da1636b4a7c47e1e3a373f0a5fe82fb98432a0a213e9cc6,PASS
reports/METADATA_LDA_REPORT.md,True,c7a5330ee0ca27ace54a4da5b266504a38c82db492dac0d55ee7ab6963747f72,c7a5330ee0ca27ace54a4da5b266504a38c82db492dac0d55ee7ab6963747f72,PASS
reports/RECOMMENDED_MANUSCRIPT_FIGURES.md,True,537b2516bf15c482753e218199e07e3e5e110bb46fcdb6a3a9d3c367d44bcc41,537b2516bf15c482753e218199e07e3e5e110bb46fcdb6a3a9d3c367d44bcc41,PASS
reports/REMOTE_FIGURE_VERIFICATION.md,True,2075732688557ddd68c08c0a130fc8e82a8b8ea7c2b717f8901c493d34317808,2075732688557ddd68c08c0a130fc8e82a8b8ea7c2b717f8901c493d34317808,PASS
reports/REMOTE_FILE_VERIFICATION.md,True,e797d13d514811e79809389b192a085dd8cf72664b39fd6d5c792c9d0224dc25,e797d13d514811e79809389b192a085dd8cf72664b39fd6d5c792c9d0224dc25,PASS
reports/REPRODUCIBILITY_REPORT.md,True,c30ad876f591cf2495a2088e788d0f5b3cc59ebea9dd03b057008b4547bcd21b,c30ad876f591cf2495a2088e788d0f5b3cc59ebea9dd03b057008b4547bcd21b,PASS
reports/REVIEWER_LDA_RESPONSE_MATRIX.md,True,33f1f056dbe4541206e08037e84dd0345c134fda83b0b66d9132fa99dfa4404a,33f1f056dbe4541206e08037e84dd0345c134fda83b0b66d9132fa99dfa4404a,PASS
reports/ROBUSTNESS_REPORT.md,True,1b8ae6f22d4b37570a495ae2ff88499c9a014dd52e1a9929226daa81d2083892,1b8ae6f22d4b37570a495ae2ff88499c9a014dd52e1a9929226daa81d2083892,PASS
reports/TOPIC_LABEL_RECONCILIATION.md,True,6b3abc69f78012673469aa36303f271af4b8554254d58689f87a3948c80dcb91,6b3abc69f78012673469aa36303f271af4b8554254d58689f87a3948c80dcb91,PASS
requirements.txt,True,c5229357b96ad153bbc2d1578fe086c798d05cb4fe05dfa8c163292a7e76d9c9,c5229357b96ad153bbc2d1578fe086c798d05cb4fe05dfa8c163292a7e76d9c9,PASS
results/FROZEN_FINAL_VALUES.csv,True,ed5390007c6a886483973db33300d45de31dc2703378add99b91e96488c3410a,ed5390007c6a886483973db33300d45de31dc2703378add99b91e96488c3410a,PASS
results/FROZEN_FINAL_VALUES.json,True,72b0a7fd4b377b0b1ab417f449ad39152b0c912c8666653b8fea35ca19a17e15,72b0a7fd4b377b0b1ab417f449ad39152b0c912c8666653b8fea35ca19a17e15,PASS
results/RESULT_PROVENANCE.csv,True,a698c7831dd986d8a1b8d5dd7850fdf49d30c81371d6fbc1b8d317044b4b81a7,a698c7831dd986d8a1b8d5dd7850fdf49d30c81371d6fbc1b8d317044b4b81a7,PASS
results/cross_representation/dominant_topic_contingency_matrix.csv,True,b7f11e2475dc34beefa1ab58a2e1f34a26799a7936912355c224089961107f5b,b7f11e2475dc34beefa1ab58a2e1f34a26799a7936912355c224089961107f5b,PASS
results/cross_representation/topic_alignment.json,True,ad16b19749669f8bd2720fe1bb34a6c19503cfc491cca5ea3ee99c4b3e50d4cf,ad16b19749669f8bd2720fe1bb34a6c19503cfc491cca5ea3ee99c4b3e50d4cf,PASS
results/figure_registry_full.csv,True,8cabfd875696e120a6b4fd0fdcc4d952ec99dd6a3d8fae3c59b212a5c341acce,8cabfd875696e120a6b4fd0fdcc4d952ec99dd6a3d8fae3c59b212a5c341acce,PASS
results/figure_registry_partial1.json,True,8ba96a9ce9f178501b478043baafa2f588e3e00540649705073737ba8e4cfcb3,8ba96a9ce9f178501b478043baafa2f588e3e00540649705073737ba8e4cfcb3,PASS
results/figure_registry_partial2.json,True,e3f4dec78e4b8043ae1f6c2f7fc7a0e008ab15e7ba72ff72e323ea70f8e5b110,e3f4dec78e4b8043ae1f6c2f7fc7a0e008ab15e7ba72ff72e323ea70f8e5b110,PASS
results/figure_registry_partial3.json,True,0df84cb5bb94b6f796d634b47dad642c2a6912ca01723e427fe36e813515015e,0df84cb5bb94b6f796d634b47dad642c2a6912ca01723e427fe36e813515015e,PASS
results/figure_registry_partial4.json,True,ff0fb6d7e852d15f1be10c923c093c02c97e52bfbf86732e5f2ceaee0c565bd3,ff0fb6d7e852d15f1be10c923c093c02c97e52bfbf86732e5f2ceaee0c565bd3,PASS
results/fulltext/cross_k_topic_persistence.csv,True,e7ff67e8cc66d83446f2087c34ee6b24d0bf129de3c78fb1028152d426d4388e,e7ff67e8cc66d83446f2087c34ee6b24d0bf129de3c78fb1028152d426d4388e,PASS
results/fulltext/cross_k_topic_persistence_summary.csv,True,264f815235967e1c28fc40ddcd08456ddebc3fc467449168258b140990b445d1,264f815235967e1c28fc40ddcd08456ddebc3fc467449168258b140990b445d1,PASS
results/fulltext/definitive_ksweep_runs.csv,True,c9fedf86891939addbd13f4a870119036bb64f86f3d747d995c388f22a202b64,c9fedf86891939addbd13f4a870119036bb64f86f3d747d995c388f22a202b64,PASS
results/fulltext/dictionary_sensitivity.csv,True,863507162cb87094d5035dd9b93dc0381be9ab65ff0cc7d1a1f0968d64db147f,863507162cb87094d5035dd9b93dc0381be9ab65ff0cc7d1a1f0968d64db147f,PASS
results/fulltext/domain_term_sensitivity.json,True,a6460a942efb89b6a0816d2c6a2abb3e37957699db4169b8d5c807e1669414ad,a6460a942efb89b6a0816d2c6a2abb3e37957699db4169b8d5c807e1669414ad,PASS
results/fulltext/fulltext_k_candidate_comparison.csv,True,432b887eec400a22649ac2205bf139d31d3453b3784a8b4e1bce6474e7f8332a,432b887eec400a22649ac2205bf139d31d3453b3784a8b4e1bce6474e7f8332a,PASS
results/fulltext/k_selection_decision.json,True,a3ad9b8562eb0f26024ecec01f8e5e3c3a77e705fd50220230f3853ef2ec897a,a3ad9b8562eb0f26024ecec01f8e5e3c3a77e705fd50220230f3853ef2ec897a,PASS
results/fulltext/k_selection_table.csv,True,13540c0a9adf94c4767a42da252b787e8512ee935b26124109398ae094981cd8,13540c0a9adf94c4767a42da252b787e8512ee935b26124109398ae094981cd8,PASS
results/fulltext/length_balanced_sensitivity.json,True,0cd3c616d9909f0ae983e17ee1f5fd2d1c979d06a23b39c98088c19e3ffe9e5b,0cd3c616d9909f0ae983e17ee1f5fd2d1c979d06a23b39c98088c19e3ffe9e5b,PASS
results/fulltext/length_diagnostics.json,True,4585af65034a2abf24be89017dd142c4d38c64bbabd5d57bd917da46fd1029d5,4585af65034a2abf24be89017dd142c4d38c64bbabd5d57bd917da46fd1029d5,PASS
results/fulltext/phrase_sensitivity.json,True,f713ae0cee2fa997f5548ea64efde35ad901f7e6e4fac05b07a6ffa3a51ae88d,f713ae0cee2fa997f5548ea64efde35ad901f7e6e4fac05b07a6ffa3a51ae88d,PASS
results/fulltext/representative_seed_k08.json,True,71067951cdc659f3e48258324320fbd739471751089e594e2e1fb9ba7d2d410d,71067951cdc659f3e48258324320fbd739471751089e594e2e1fb9ba7d2d410d,PASS
results/fulltext/representative_seed_k09.json,True,73cc7f3378d2b48f6b2ec8803754a2ce9538afbf8962f5f709b236b7e4a237c4,73cc7f3378d2b48f6b2ec8803754a2ce9538afbf8962f5f709b236b7e4a237c4,PASS
results/fulltext/representative_seed_k12.json,True,5119b1c6e1d39d13cebb24be279a08ec67b9abc2a40b1895af57cd8d48114aca,5119b1c6e1d39d13cebb24be279a08ec67b9abc2a40b1895af57cd8d48114aca,PASS
results/fulltext/representative_seed_k13.json,True,3b0ed65f451819f638f0cc1a42ef48b78720fea0af42501e73a07378d5b7fa02,3b0ed65f451819f638f0cc1a42ef48b78720fea0af42501e73a07378d5b7fa02,PASS
results/fulltext/representative_seed_k14.json,True,db8b5665a4c3d5fc6232ea881a39a8970d0fbf269dd227466aa3e1ca4158d9c5,db8b5665a4c3d5fc6232ea881a39a8970d0fbf269dd227466aa3e1ca4158d9c5,PASS
results/fulltext/representative_seed_k15.json,True,27c091d1eb49b228f4cba02510c1ef737178abccf54a4b9a6a828edbaba52647,27c091d1eb49b228f4cba02510c1ef737178abccf54a4b9a6a828edbaba52647,PASS
results/fulltext/seed_ranking_k08.csv,True,7aa39ea17a86683b7c9280d57a7342e93c41f651e5b256a6e6b6d671061234cd,7aa39ea17a86683b7c9280d57a7342e93c41f651e5b256a6e6b6d671061234cd,PASS
results/fulltext/seed_ranking_k09.csv,True,4d63dea5ef3ecd8486abde4b525d175643ae0bbd834424181b86e12565dfa3c9,4d63dea5ef3ecd8486abde4b525d175643ae0bbd834424181b86e12565dfa3c9,PASS
results/fulltext/seed_ranking_k12.csv,True,f921549686a6cb9dab587a30d73a6e0d0455fd0b0113e9240a3ed9dcf07e1ce6,f921549686a6cb9dab587a30d73a6e0d0455fd0b0113e9240a3ed9dcf07e1ce6,PASS
results/fulltext/seed_ranking_k13.csv,True,78eb5344fe1b9f122cac927057f47152dc798814a9b08c2279e6c506a6aec54d,78eb5344fe1b9f122cac927057f47152dc798814a9b08c2279e6c506a6aec54d,PASS
results/fulltext/seed_ranking_k14.csv,True,5a69e31679a586dc512529570dfdd1266634846d1840edba72fd8bcf5e0be424,5a69e31679a586dc512529570dfdd1266634846d1840edba72fd8bcf5e0be424,PASS
results/fulltext/seed_ranking_k15.csv,True,e87c38af8ec225423822b03f35f95cc682412ea50c4ed45d88d675c3a6f76b48,e87c38af8ec225423822b03f35f95cc682412ea50c4ed45d88d675c3a6f76b48,PASS
results/fulltext/seed_similarity_matrix_k08.csv,True,d1bfae3630467e385d52bdedb8f3d3318b808f9bd560e6712f54a8b384da5f9a,d1bfae3630467e385d52bdedb8f3d3318b808f9bd560e6712f54a8b384da5f9a,PASS
results/fulltext/seed_similarity_matrix_k09.csv,True,408e06879987cc048bf4b16ecc202cef478335e43fa44992a8932a2b241b28b4,408e06879987cc048bf4b16ecc202cef478335e43fa44992a8932a2b241b28b4,PASS
results/fulltext/seed_similarity_matrix_k12.csv,True,733cb7ca45f5bcd476a4622712d9c2a47be6539f971f623392c034fca2645afc,733cb7ca45f5bcd476a4622712d9c2a47be6539f971f623392c034fca2645afc,PASS
results/fulltext/seed_similarity_matrix_k13.csv,True,1c6fddefe935f3426d914ade77147f84d652dd61f69fc66b64ff40708c2e9b12,1c6fddefe935f3426d914ade77147f84d652dd61f69fc66b64ff40708c2e9b12,PASS
results/fulltext/seed_similarity_matrix_k14.csv,True,0fc0c1d359bea830fe5d578f0a35dc9c072e14135d57de5bc760a1d9b7b30f15,0fc0c1d359bea830fe5d578f0a35dc9c072e14135d57de5bc760a1d9b7b30f15,PASS
results/fulltext/seed_similarity_matrix_k15.csv,True,953cb7026e5f14ce2941c025620c691fd7dc4e59891e838957649f564469f297,953cb7026e5f14ce2941c025620c691fd7dc4e59891e838957649f564469f297,PASS
results/fulltext/seed_stability_by_k.csv,True,6f5fbb5e70580cade1252b3f415d0a88d61ff21a4ae1d16423c9c795b7abbafb,6f5fbb5e70580cade1252b3f415d0a88d61ff21a4ae1d16423c9c795b7abbafb,PASS
results/fulltext/stage1_dictionary_grid_aggregated.csv,True,1cc5915adde3159347e637bda58591cc6048a4e48487d083f4651c7c090941d9,1cc5915adde3159347e637bda58591cc6048a4e48487d083f4651c7c090941d9,PASS
results/fulltext/stage1_dictionary_threshold_sweep.csv,True,ca672160631cca79dc19f1af24acb01ab05d09eabcf961b3018f4669b9039922,ca672160631cca79dc19f1af24acb01ab05d09eabcf961b3018f4669b9039922,PASS
results/fulltext/stage1_selected_config.json,True,c5d9d487023647ed8bf6276705328e62764c144341a3c072149776ef4aa7da2e,c5d9d487023647ed8bf6276705328e62764c144341a3c072149776ef4aa7da2e,PASS
results/fulltext/stage2_convergence_pilot.csv,True,41f366566a8ddfe5d9e96a5e9ae5810fe0ac4fd4ee4672cafeac034bb5f36bbf,41f366566a8ddfe5d9e96a5e9ae5810fe0ac4fd4ee4672cafeac034bb5f36bbf,PASS
results/fulltext/stage2_frozen_training_config.json,True,9b66477b733fd8c90434bb78a6b1ce33b7b9e2c12f4c84b38f30703d377106f7,9b66477b733fd8c90434bb78a6b1ce33b7b9e2c12f4c84b38f30703d377106f7,PASS
results/fulltext/stage2_prior_pilot.csv,True,0c04aab3eadadcf575fed6aad43d7a0d61a782dc6a10d6bc7745d2a879043a0e,0c04aab3eadadcf575fed6aad43d7a0d61a782dc6a10d6bc7745d2a879043a0e,PASS
results/fulltext/subsampling_80pct_100reps.csv,True,44f4f4d1dca77be54b3c8f10219d04394896f7df4eaa397b78bf351075f68d0d,44f4f4d1dca77be54b3c8f10219d04394896f7df4eaa397b78bf351075f68d0d,PASS
results/fulltext/subsampling_80pct_summary.json,True,f31e0bcf7d590740e88ed47a9641e33488fb9582124cca8ff96b8bbe08458467,f31e0bcf7d590740e88ed47a9641e33488fb9582124cca8ff96b8bbe08458467,PASS
results/fulltext/training_effort_sensitivity.json,True,a715753815925551ee8150273f28917338c8abfda5df6d9f91c9f9719741861f,a715753815925551ee8150273f28917338c8abfda5df6d9f91c9f9719741861f,PASS
results/metadata/definitive_ksweep_runs.csv,True,33f1ae314ae6786bef50b7e33becf79045e5689870b0eb778a8c3546ea28078c,33f1ae314ae6786bef50b7e33becf79045e5689870b0eb778a8c3546ea28078c,PASS
results/metadata/dictionary_sensitivity.csv,True,84a9efa11033890a1be82c37522841f91c55a2eadae8e3b5d2d24f763f1642be,84a9efa11033890a1be82c37522841f91c55a2eadae8e3b5d2d24f763f1642be,PASS
results/metadata/domain_term_sensitivity.json,True,021ed9aafb5b57d86974ac752930f1099153834238b950c976fb9c4932c23b97,021ed9aafb5b57d86974ac752930f1099153834238b950c976fb9c4932c23b97,PASS
results/metadata/k2_k5_candidate_comparison.csv,True,4655db8e0023914ac7c70d4f351db1fdc417f381e653c9e9d5d0b56a25414980,4655db8e0023914ac7c70d4f351db1fdc417f381e653c9e9d5d0b56a25414980,PASS
results/metadata/k_selection_decision.json,True,6472e57a44f26f5abe3faa14582fe2673a03dfe90ac41ba1bfde15a45e26e65e,6472e57a44f26f5abe3faa14582fe2673a03dfe90ac41ba1bfde15a45e26e65e,PASS
results/metadata/k_selection_table.csv,True,199b18cdfa447f98a3529aea3d35d33f2546fe2657995a2e29ea2fc9c1634f8a,199b18cdfa447f98a3529aea3d35d33f2546fe2657995a2e29ea2fc9c1634f8a,PASS
results/metadata/phrase_sensitivity.json,True,26fe2c7e1a6099e4fc44a7f4232051d75b88ad7c1b0d256bbf048a5476f7c0d7,26fe2c7e1a6099e4fc44a7f4232051d75b88ad7c1b0d256bbf048a5476f7c0d7,PASS
results/metadata/representative_seed_k02.json,True,c2be5ba6002afd2decafda7c184e450ea4f54a2261b70f20be486ecfe8d1a89d,c2be5ba6002afd2decafda7c184e450ea4f54a2261b70f20be486ecfe8d1a89d,PASS
results/metadata/representative_seed_k03.json,True,afc5d09f0a5a249a98225d4ec9764f0e70af3dc41113a4f4fd3a07cebcd0da39,afc5d09f0a5a249a98225d4ec9764f0e70af3dc41113a4f4fd3a07cebcd0da39,PASS
results/metadata/representative_seed_k04.json,True,e3647e83881571341feb9b6d9bbaf2c3c2e6cf4243d53654d33b38cc9e472b07,e3647e83881571341feb9b6d9bbaf2c3c2e6cf4243d53654d33b38cc9e472b07,PASS
results/metadata/representative_seed_k05.json,True,935115e7e25765236961597294fd4fcd2cbcc98abea937e74ad2131a576cbfce,935115e7e25765236961597294fd4fcd2cbcc98abea937e74ad2131a576cbfce,PASS
results/metadata/seed_ranking_k02.csv,True,aeb520d98d567a1a650e22b619b1415a9c540d99beb5d5ab980f22014280e975,aeb520d98d567a1a650e22b619b1415a9c540d99beb5d5ab980f22014280e975,PASS
results/metadata/seed_ranking_k03.csv,True,0ac9700926d4f31ab81c607191cc8bd5a3e2bd0df0247bc2dc55f0c8ebae8813,0ac9700926d4f31ab81c607191cc8bd5a3e2bd0df0247bc2dc55f0c8ebae8813,PASS
results/metadata/seed_ranking_k04.csv,True,d1266121a793a20c849e459e24619300ffc61920f03000f1f86e94f7c8494ec8,d1266121a793a20c849e459e24619300ffc61920f03000f1f86e94f7c8494ec8,PASS
results/metadata/seed_ranking_k05.csv,True,dc8181d05ddae2c2a0552839d2b81e75544723aa13596ea82b9e8f2759360304,dc8181d05ddae2c2a0552839d2b81e75544723aa13596ea82b9e8f2759360304,PASS
results/metadata/seed_similarity_matrix_k02.csv,True,5d44fe18fef102b0b3e28254a207607571f8dc562227481fb2c741556571dd34,5d44fe18fef102b0b3e28254a207607571f8dc562227481fb2c741556571dd34,PASS
results/metadata/seed_similarity_matrix_k03.csv,True,c50a455525aa199779bb969209158cebab867bae6a0d04667e110286034947fb,c50a455525aa199779bb969209158cebab867bae6a0d04667e110286034947fb,PASS
results/metadata/seed_similarity_matrix_k04.csv,True,b317447b7755fcd0a8d908b0f834366799868af51d65a9872f8262dd1f5fa19a,b317447b7755fcd0a8d908b0f834366799868af51d65a9872f8262dd1f5fa19a,PASS
results/metadata/seed_similarity_matrix_k05.csv,True,fe9f0542c86e604bdac4e3b54fc2b366aeded017f1add64dabf0e88d603a8678,fe9f0542c86e604bdac4e3b54fc2b366aeded017f1add64dabf0e88d603a8678,PASS
results/metadata/seed_stability_by_k.csv,True,56f73bfdf6becdf4662d3ff47e1ca44e9e770e5294d9ae2365b5d8753cc35e23,56f73bfdf6becdf4662d3ff47e1ca44e9e770e5294d9ae2365b5d8753cc35e23,PASS
results/metadata/stage1_dictionary_grid_aggregated.csv,True,e74627ded691b17c38c7d528af3a226e774df18d4dcfd36afee35af7dcd84b49,e74627ded691b17c38c7d528af3a226e774df18d4dcfd36afee35af7dcd84b49,PASS
results/metadata/stage1_dictionary_threshold_sweep.csv,True,c65dbdd60baf09791e7cba6c6d1bf2a728070110351eca76cd33fd2ed723e2d5,c65dbdd60baf09791e7cba6c6d1bf2a728070110351eca76cd33fd2ed723e2d5,PASS
results/metadata/stage1_selected_config.json,True,19b6d76c381dc9e6dd0c3637a99f0912a6d219ded783f6658c0eeeaf1204b56c,19b6d76c381dc9e6dd0c3637a99f0912a6d219ded783f6658c0eeeaf1204b56c,PASS
results/metadata/stage2_convergence_pilot.csv,True,662a18ea33d559500a28c84314e364d4cacbc783823bee240be4cf41d2200b77,662a18ea33d559500a28c84314e364d4cacbc783823bee240be4cf41d2200b77,PASS
results/metadata/stage2_frozen_training_config.json,True,6da50435c239162d36bfcc632721ea6f97aa4f901a0b99a97970958299a82d54,6da50435c239162d36bfcc632721ea6f97aa4f901a0b99a97970958299a82d54,PASS
results/metadata/stage2_prior_pilot.csv,True,b2b9a7891cf8333831a1f1d78ba8fce49bb277606bf1394096933252cf3fdd4d,b2b9a7891cf8333831a1f1d78ba8fce49bb277606bf1394096933252cf3fdd4d,PASS
results/metadata/subsampling_80pct_100reps.csv,True,44f135b7e4f3db62651041343dd2cf2cc8144ec1e46fdc5e9aea78a5f1c759a5,44f135b7e4f3db62651041343dd2cf2cc8144ec1e46fdc5e9aea78a5f1c759a5,PASS
results/metadata/subsampling_80pct_summary.json,True,07930060641dc551887dde6c16f5221646f341116db273fc1a5706cd958859b5,07930060641dc551887dde6c16f5221646f341116db273fc1a5706cd958859b5,PASS
results/metadata/training_effort_sensitivity.json,True,6dcb2142d2eabf409487be69e6cd6a4efb5b91ec9ddeeaaab262ecfe0b7e5a4b,6dcb2142d2eabf409487be69e6cd6a4efb5b91ec9ddeeaaab262ecfe0b7e5a4b,PASS
results/remote_file_verification.csv,True,a87792c23c3271023d8f28a2a7046785c75155134985738bf223bc37f11beeb9,a87792c23c3271023d8f28a2a7046785c75155134985738bf223bc37f11beeb9,PASS
results/robustness_evidence_matrix.csv,True,04782eec168d2f89ad89ef659a0060c222500eef8c47b7d3a9917f85bde821bd,04782eec168d2f89ad89ef659a0060c222500eef8c47b7d3a9917f85bde821bd,PASS
results/validation_report.txt,True,da14127a092d9a649766150940fc5b54b326c1dbfa0e5ad3a5e2781487628406,da14127a092d9a649766150940fc5b54b326c1dbfa0e5ad3a5e2781487628406,PASS
src/_gen_notebooks.py,True,2179629b0cf86427f6463f951f647487f469c2d905a3c430278b54b8b89e8478,2179629b0cf86427f6463f951f647487f469c2d905a3c430278b54b8b89e8478,PASS
src/blinded_candidate_packets.py,True,365ec770f3dd0dfa74e3e96bc43e5263bb56f1f5ab70f1506bc256699bfeeffa,365ec770f3dd0dfa74e3e96bc43e5263bb56f1f5ab70f1506bc256699bfeeffa,PASS
src/build_figure_checksums.py,True,bff1f6c8247b04e20075ab3c3ba61d267c7744d924cf406da44683566575b887,bff1f6c8247b04e20075ab3c3ba61d267c7744d924cf406da44683566575b887,PASS
src/build_provenance.py,True,26828fccb324539102dd2753c534ee0d713a0d41c9db2e42693ea52b0de5857e,26828fccb324539102dd2753c534ee0d713a0d41c9db2e42693ea52b0de5857e,PASS
src/candidate_k_comparison.py,True,c28b3a2f81353930337dbbf449f39ea26520d8395df76f4326b6523eb3199f96,c28b3a2f81353930337dbbf449f39ea26520d8395df76f4326b6523eb3199f96,PASS
src/corpus_audit.py,True,651c0ba9f8d4b3a75890363d64acbacb8f06026cec442ff3271568b499b4dbbd,651c0ba9f8d4b3a75890363d64acbacb8f06026cec442ff3271568b499b4dbbd,PASS
src/cross_k_persistence.py,True,026c6660ec16f3f62e9f14dd1cf1ca4952c0e199cb3bc07ee0ef95c72a56ab48,026c6660ec16f3f62e9f14dd1cf1ca4952c0e199cb3bc07ee0ef95c72a56ab48,PASS
src/cross_representation.py,True,9652eb0b9dbd8d1ade0b36643a9e9dd361184a41a6da0afcd2147e3c5154f1f2,9652eb0b9dbd8d1ade0b36643a9e9dd361184a41a6da0afcd2147e3c5154f1f2,PASS
src/cross_seed_stability.py,True,3103562a47748f7b8d390bdf003e9900bb1af80c955ba123263068d9d6fb9c41,3103562a47748f7b8d390bdf003e9900bb1af80c955ba123263068d9d6fb9c41,PASS
src/definitive_k_sweep.py,True,34fffbb9ce8ad3944720981494fa67057d2bd17588755aa1a16fa85f86801590,34fffbb9ce8ad3944720981494fa67057d2bd17588755aa1a16fa85f86801590,PASS
src/domain_term_sensitivity.py,True,a2204e90262b2fecc791fed57ea7aff5d14d217ddd35c1918395e8ea2c20e27b,a2204e90262b2fecc791fed57ea7aff5d14d217ddd35c1918395e8ea2c20e27b,PASS
src/extraction.py,True,4078fbd5bc35903db56271f824e229c2325b07abcb3736c486cc3132a12ab224,4078fbd5bc35903db56271f824e229c2325b07abcb3736c486cc3132a12ab224,PASS
src/figures.py,True,0073b5766becea3bb7a9730b80be386a91129ade0fd637e5937b5b9b759e9461,0073b5766becea3bb7a9730b80be386a91129ade0fd637e5937b5b9b759e9461,PASS
src/final_validation.py,True,e9bce2992c1d177ab745fe3ab39b648c60649fcaf0d35152cf06502f468797ce,e9bce2992c1d177ab745fe3ab39b648c60649fcaf0d35152cf06502f468797ce,PASS
src/freeze_values.py,True,0572eba58fb2b86c6637dd46c9a3985cd91a0ecf17c7530c56649dc717db2dd3,0572eba58fb2b86c6637dd46c9a3985cd91a0ecf17c7530c56649dc717db2dd3,PASS
src/fulltext_length_diagnostics.py,True,eb0c4df43f7ef2d166d46c1b800abd3b854534994010357b0f2306870f5b5e10,eb0c4df43f7ef2d166d46c1b800abd3b854534994010357b0f2306870f5b5e10,PASS
src/generate_all_figures.py,True,0e7c0929333a205d5e76ae2e7e100978c1804b8932b1718126002edf77dff821,0e7c0929333a205d5e76ae2e7e100978c1804b8932b1718126002edf77dff821,PASS
src/generate_all_figures_batch2.py,True,a20bad603588ae8eec04c8eed3034316182bc5e218ee60bdd4e570eafb7c53eb,a20bad603588ae8eec04c8eed3034316182bc5e218ee60bdd4e570eafb7c53eb,PASS
src/generate_all_figures_batch3.py,True,cc274c6647d9eedb96c39c814c81e9e7f93f74dd9d4c474e1763698c6c698c9e,cc274c6647d9eedb96c39c814c81e9e7f93f74dd9d4c474e1763698c6c698c9e,PASS
src/hf_terms.py,True,38df9bcb53ece0aa785998789553d29035d2f00ead6a017f87512ea007d9661d,38df9bcb53ece0aa785998789553d29035d2f00ead6a017f87512ea007d9661d,PASS
src/human_validation_analysis.py,True,62a555b54c0dd499c8c0212515cb1802cabc3a7426056ae2f0093009143b4466,62a555b54c0dd499c8c0212515cb1802cabc3a7426056ae2f0093009143b4466,PASS
src/human_validation_packets.py,True,286a3f1865755fe2b04e4c43fa3161b2380bb929067e850135d5ba2b9faaa176,286a3f1865755fe2b04e4c43fa3161b2380bb929067e850135d5ba2b9faaa176,PASS
src/intrusion_tests.py,True,3f490eab894a8ccddf770cd06d9ca0a33efb6fc1fc1fa6e9e3ae86f851f8fa97,3f490eab894a8ccddf770cd06d9ca0a33efb6fc1fc1fa6e9e3ae86f851f8fa97,PASS
src/lda_core.py,True,d472ca09120dd1302b078b9bbc4254c52c6395ec11dadd647b1a7bce4d0c658c,d472ca09120dd1302b078b9bbc4254c52c6395ec11dadd647b1a7bce4d0c658c,PASS
src/lemma_quality_audit.py,True,87e8accaaeb4693378b07892cbe79acb6126c5204098b173a150dd3773fa5db9,87e8accaaeb4693378b07892cbe79acb6126c5204098b173a150dd3773fa5db9,PASS
src/manuscript_transfer_table.py,True,d334eaa6479cf2774e37b00c811d1f1294e47829f5c5fb8dff25cbaad0ba4229,d334eaa6479cf2774e37b00c811d1f1294e47829f5c5fb8dff25cbaad0ba4229,PASS
src/model_selection.py,True,60340a3eb3298e3abbd1b3d79c9b5a4624a644e9225c737a31f0b6e8b0dd2949,60340a3eb3298e3abbd1b3d79c9b5a4624a644e9225c737a31f0b6e8b0dd2949,PASS
src/phrase_detection.py,True,82f1f01f4be0534d60654f060a3105ce70a2c78df45c6cecd1e4c949bab3c78a,82f1f01f4be0534d60654f060a3105ce70a2c78df45c6cecd1e4c949bab3c78a,PASS
src/phrase_sensitivity.py,True,7d302c346ecf7cdd22626ea995d22ad07026db08d2495a7ee67944baee25adff,7d302c346ecf7cdd22626ea995d22ad07026db08d2495a7ee67944baee25adff,PASS
src/preprocess_corpus.py,True,d5adaeddbc6836a76f3888e64e2bed7683fea6318e94202b21fe4551ecf96a75,d5adaeddbc6836a76f3888e64e2bed7683fea6318e94202b21fe4551ecf96a75,PASS
src/representative_seed.py,True,1da612221fa4270a716fb6c139d0902ba452deacbae329c8f1e4e1d52490536c,1da612221fa4270a716fb6c139d0902ba452deacbae329c8f1e4e1d52490536c,PASS
src/robustness.py,True,296d7767e8b387cfb0923718bd37ed1042e00ef1f6c69866bddcd3e36f6e9283,296d7767e8b387cfb0923718bd37ed1042e00ef1f6c69866bddcd3e36f6e9283,PASS
src/select_stage1_config.py,True,b87ea29e9be4490fe77f4f4fc200bc3a79762d2b04563e79437afc20e1c92d6b,b87ea29e9be4490fe77f4f4fc200bc3a79762d2b04563e79437afc20e1c92d6b,PASS
src/stage1_dictionary_sweep.py,True,7100ea86be73e7db93efa066ba60e9696731e2d862d9d232b9af6666ff462fe5,7100ea86be73e7db93efa066ba60e9696731e2d862d9d232b9af6666ff462fe5,PASS
src/stage2_convergence_pilot.py,True,5f817d8fea94ef75c6ff9f03767a3655e0ac090fd1240265fa961f339dc76edc,5f817d8fea94ef75c6ff9f03767a3655e0ac090fd1240265fa961f339dc76edc,PASS
src/validate_repository.py,True,040b82c9ecae6deaaf8a65dfc83c9f90c456709be0dea0dc5665612962ac78ad,040b82c9ecae6deaaf8a65dfc83c9f90c456709be0dea0dc5665612962ac78ad,PASS
src/verify_remote.py,True,22f692758b4f8d19cf805d004d87093b3f32f1b31a185b3e666e8c79eed848d5,22f692758b4f8d19cf805d004d87093b3f32f1b31a185b3e666e8c79eed848d5,PASS
